INSERT INTO [Sequence] ([SequenceID],[SequenceCount],[ColumnCode],[Prefix],[Postfix])VALUES('4ED9FD6D-C2F0-4DD0-8474-25C2347E5EC0','000015','CompanyCode','C',NULL)
INSERT INTO [Sequence] ([SequenceID],[SequenceCount],[ColumnCode],[Prefix],[Postfix])VALUES('C4F2857A-83E0-4C32-8CA8-56A1F8BDA0E4','000005','BusCode','B',NULL)
INSERT INTO [Sequence] ([SequenceID],[SequenceCount],[ColumnCode],[Prefix],[Postfix])VALUES('3796E4B3-1058-4B64-98B7-5CF85071D550','0000000051','BookingCode',NULL,NULL)
INSERT INTO [Sequence] ([SequenceID],[SequenceCount],[ColumnCode],[Prefix],[Postfix])VALUES('59FC95DC-F7F0-4927-934A-AE870DD143E5','000000','ImageCode',NULL,NULL)
INSERT INTO [Sequence] ([SequenceID],[SequenceCount],[ColumnCode],[Prefix],[Postfix])VALUES('3B547080-AE4F-4A4C-B8D6-BF4B8FE7C9C8','000007','AgentCode','A',NULL)
INSERT INTO [Sequence] ([SequenceID],[SequenceCount],[ColumnCode],[Prefix],[Postfix])VALUES('62F0837F-1CBF-4A3E-8798-C217DD5FE4EB','000004','DriverCode','D',NULL)
INSERT INTO [Sequence] ([SequenceID],[SequenceCount],[ColumnCode],[Prefix],[Postfix])VALUES('AC37AE60-2569-4381-8F9E-E7985B18F129','000005','SubconCode','S',NULL)
INSERT INTO [Contract] ([ContractID],[BookingCode],[PONumber],[AgentID],[StartDate],[StopDate],[TripType],[TripFrom],[TripTo],[Seater],[InvoiceText],[PersonInCharge],[Contact],[RatesType],[Rates],[Remarks1],[Remarks2],[DriverClaim],[GST],[Mon],[Tue],[Wed],[Thu],[Fri],[Sat],[Sun],[StartMon],[StartTue],[StartWed],[StartThu],[StartFri],[StartSat],[StartSun],[EndMon],[EndTue],[EndWed],[EndThu],[EndFri],[EndSat],[EndSun],[CreatedBy],[CreatedDate],[UpdatedBy],[UpdatedDate],[Delete])VALUES('F859B433-C863-4798-8C86-08EFCBD90A09','0000000005','0000001','0AE720F3-EA2D-4CEF-B6D6-CC26B146A552','Aug  1 2011 12:00:00:000AM','Aug 13 2011 12:00:00:000AM','One Way','pasir ris','bukit batok111',29,'adfadsf','harland','2321321','1',1200.0000,'asdfasdf','1321321','1','NO',1,0,1,0,1,0,1,'0700',NULL,'0900',NULL,'0800',NULL,'0900','1900',NULL,'1830',NULL,'1600',NULL,'1500','FF184286-68EC-460C-820D-11357A254708','Aug  7 2011  4:51:52:097PM','FF184286-68EC-460C-820D-11357A254708','Aug 15 2011 12:15:35:883AM','N')
INSERT INTO [Contract] ([ContractID],[BookingCode],[PONumber],[AgentID],[StartDate],[StopDate],[TripType],[TripFrom],[TripTo],[Seater],[InvoiceText],[PersonInCharge],[Contact],[RatesType],[Rates],[Remarks1],[Remarks2],[DriverClaim],[GST],[Mon],[Tue],[Wed],[Thu],[Fri],[Sat],[Sun],[StartMon],[StartTue],[StartWed],[StartThu],[StartFri],[StartSat],[StartSun],[EndMon],[EndTue],[EndWed],[EndThu],[EndFri],[EndSat],[EndSun],[CreatedBy],[CreatedDate],[UpdatedBy],[UpdatedDate],[Delete])VALUES('4C2FF15D-8007-4E4B-9721-441CA6AA546B','0000000003','000000','0AE720F3-EA2D-4CEF-B6D6-CC26B146A552','Aug  1 2011 12:00:00:000AM','Aug 13 2011 12:00:00:000AM','One Way','pasir ris','bukit batok',29,'adfadsf','harland','2321321','1',4000.0000,'asdfasdf','1321321','1','NO',0,0,0,0,0,0,0,NULL,NULL,NULL,NULL,NULL,NULL,NULL,NULL,NULL,NULL,NULL,NULL,NULL,NULL,'FF184286-68EC-460C-820D-11357A254708','Aug  7 2011  4:36:12:877PM','FF184286-68EC-460C-820D-11357A254708','Aug 10 2011 11:57:10:300PM','N')
INSERT INTO [Contract] ([ContractID],[BookingCode],[PONumber],[AgentID],[StartDate],[StopDate],[TripType],[TripFrom],[TripTo],[Seater],[InvoiceText],[PersonInCharge],[Contact],[RatesType],[Rates],[Remarks1],[Remarks2],[DriverClaim],[GST],[Mon],[Tue],[Wed],[Thu],[Fri],[Sat],[Sun],[StartMon],[StartTue],[StartWed],[StartThu],[StartFri],[StartSat],[StartSun],[EndMon],[EndTue],[EndWed],[EndThu],[EndFri],[EndSat],[EndSun],[CreatedBy],[CreatedDate],[UpdatedBy],[UpdatedDate],[Delete])VALUES('D34E0788-2BEB-46BA-94C3-732B3E7C25E7','0000000006','000000','0AE720F3-EA2D-4CEF-B6D6-CC26B146A552','Aug  1 2011 12:00:00:000AM','Aug 31 2011 12:00:00:000AM','Two Way','marsiling','rivervalley',49,'112312312313','maricel','32121','2',99.0000,'12312312 asf','123123 asdf','90','NO',0,0,0,0,0,0,0,NULL,NULL,NULL,NULL,NULL,NULL,NULL,NULL,NULL,NULL,NULL,NULL,NULL,NULL,'FF184286-68EC-460C-820D-11357A254708','Aug  7 2011  9:28:49:097PM',NULL,NULL,'N')
INSERT INTO [Contract] ([ContractID],[BookingCode],[PONumber],[AgentID],[StartDate],[StopDate],[TripType],[TripFrom],[TripTo],[Seater],[InvoiceText],[PersonInCharge],[Contact],[RatesType],[Rates],[Remarks1],[Remarks2],[DriverClaim],[GST],[Mon],[Tue],[Wed],[Thu],[Fri],[Sat],[Sun],[StartMon],[StartTue],[StartWed],[StartThu],[StartFri],[StartSat],[StartSun],[EndMon],[EndTue],[EndWed],[EndThu],[EndFri],[EndSat],[EndSun],[CreatedBy],[CreatedDate],[UpdatedBy],[UpdatedDate],[Delete])VALUES('950EFBD2-DC1D-44FF-A21D-9C0B4FDBCEA8','0000000004','000000','0AE720F3-EA2D-4CEF-B6D6-CC26B146A552','Aug  1 2011 12:00:00:000AM','Aug 13 2011 12:00:00:000AM','Two Way','pasir ris','bukit batok',29,'adfadsf','harland','2321321','1',1200.0000,'asdfasdf','1321321','1','NO',0,0,0,0,0,0,0,NULL,NULL,NULL,NULL,NULL,NULL,NULL,NULL,NULL,NULL,NULL,NULL,NULL,NULL,'FF184286-68EC-460C-820D-11357A254708','Aug  7 2011  4:42:34:223PM',NULL,NULL,'N')
INSERT INTO [Contract] ([ContractID],[BookingCode],[PONumber],[AgentID],[StartDate],[StopDate],[TripType],[TripFrom],[TripTo],[Seater],[InvoiceText],[PersonInCharge],[Contact],[RatesType],[Rates],[Remarks1],[Remarks2],[DriverClaim],[GST],[Mon],[Tue],[Wed],[Thu],[Fri],[Sat],[Sun],[StartMon],[StartTue],[StartWed],[StartThu],[StartFri],[StartSat],[StartSun],[EndMon],[EndTue],[EndWed],[EndThu],[EndFri],[EndSat],[EndSun],[CreatedBy],[CreatedDate],[UpdatedBy],[UpdatedDate],[Delete])VALUES('43D324E0-13FF-4D55-AC89-B9806FBE783C','A0000070000000033','asdf','F5D933A2-BBEA-45B3-86ED-54A6C51A2B0F','Aug  1 2011 12:00:00:000AM','Aug 11 2011 12:00:00:000AM','One Way','asf','asdfa',25,'aaaaa','gagga','gade','2',50.0000,'rrrrr','rrrr22','1','NO',1,1,1,1,1,1,1,'0900','0800','0900','1000','1100','1100','1000','1630','1450','1730','1750','1425','1635','1655','FF184286-68EC-460C-820D-11357A254708','Aug 11 2011 10:28:25:817PM',NULL,NULL,'N')
INSERT INTO [Contract] ([ContractID],[BookingCode],[PONumber],[AgentID],[StartDate],[StopDate],[TripType],[TripFrom],[TripTo],[Seater],[InvoiceText],[PersonInCharge],[Contact],[RatesType],[Rates],[Remarks1],[Remarks2],[DriverClaim],[GST],[Mon],[Tue],[Wed],[Thu],[Fri],[Sat],[Sun],[StartMon],[StartTue],[StartWed],[StartThu],[StartFri],[StartSat],[StartSun],[EndMon],[EndTue],[EndWed],[EndThu],[EndFri],[EndSat],[EndSun],[CreatedBy],[CreatedDate],[UpdatedBy],[UpdatedDate],[Delete])VALUES('8FC3FFDF-1C34-48F7-8650-C4093842BE05','A0000010000000032','asdf','0AE720F3-EA2D-4CEF-B6D6-CC26B146A552','Aug  1 2011 12:00:00:000AM','Aug 11 2011 12:00:00:000AM','One Way','asf','asdfa',25,'aaaaa','gagga','gade','2',50.0000,'rrrrr','rrrr22','1','NO',1,1,1,1,1,1,1,'0900','0800','0900','1000','1100','1100','1000','1630','1450','1730','1750','1425','1635','1655','FF184286-68EC-460C-820D-11357A254708','Aug 11 2011 10:28:12:760PM',NULL,NULL,'N')
INSERT INTO [Contract] ([ContractID],[BookingCode],[PONumber],[AgentID],[StartDate],[StopDate],[TripType],[TripFrom],[TripTo],[Seater],[InvoiceText],[PersonInCharge],[Contact],[RatesType],[Rates],[Remarks1],[Remarks2],[DriverClaim],[GST],[Mon],[Tue],[Wed],[Thu],[Fri],[Sat],[Sun],[StartMon],[StartTue],[StartWed],[StartThu],[StartFri],[StartSat],[StartSun],[EndMon],[EndTue],[EndWed],[EndThu],[EndFri],[EndSat],[EndSun],[CreatedBy],[CreatedDate],[UpdatedBy],[UpdatedDate],[Delete])VALUES('718C266F-E811-452E-A38C-F4910E09F071','A0000010000000027','000000','0AE720F3-EA2D-4CEF-B6D6-CC26B146A552','Aug  1 2011 12:00:00:000AM','Aug 31 2011 12:00:00:000AM','One Way','marsiling','rivervalley',25,'2222222222222','harland','3132132','2',80.0000,'remarks','remarks 2','11','INC',1,0,0,0,0,0,1,'1020',NULL,NULL,NULL,NULL,NULL,'1200','1800',NULL,NULL,NULL,NULL,NULL,'1600','FF184286-68EC-460C-820D-11357A254708','Aug 10 2011 11:25:48:823PM',NULL,NULL,'N')

INSERT INTO [Company] ([CompanyID],[Company],[Address],[Telephone],[Fax],[Email],[Website],[ROC],[Prefix],[GST],[ReflectToOperation],[CreatedBy],[CreatedDate],[UpdatedBy],[UpdatedDate],[Delete],[CompanyCode])VALUES('6E79A3A3-4A68-446E-9E75-372A45046AA4','24','234','234','2343','2343','343','343','34','INC','','2D52FCF9-F779-4C8B-BBB9-30E5850CF312','Jul 17 2011  6:39:54:133PM',NULL,NULL,'N','000001')
INSERT INTO [Company] ([CompanyID],[Company],[Address],[Telephone],[Fax],[Email],[Website],[ROC],[Prefix],[GST],[ReflectToOperation],[CreatedBy],[CreatedDate],[UpdatedBy],[UpdatedDate],[Delete],[CompanyCode])VALUES('9E1E007A-636D-4A09-9D1E-52A5DA5E35E0','A&S Transportation','2 Saint Thomas Walk','23121','31321','31321','www.anstransportation.com','32131','A','EXC','N','2D52FCF9-F779-4C8B-BBB9-30E5850CF312','Jul 19 2011 10:55:51:560PM',NULL,NULL,'N','000011')
INSERT INTO [Company] ([CompanyID],[Company],[Address],[Telephone],[Fax],[Email],[Website],[ROC],[Prefix],[GST],[ReflectToOperation],[CreatedBy],[CreatedDate],[UpdatedBy],[UpdatedDate],[Delete],[CompanyCode])VALUES('54E5EDA7-85B9-403A-B1BA-66925973A1C4','56464654','564654654','56465465','6546546','6546546','654654','6546546','654654','NO','N','9B7D62FB-029D-46C1-910E-883A64D0EED4','Jul 30 2011 12:31:22:827PM',NULL,NULL,'N','000012')
INSERT INTO [Company] ([CompanyID],[Company],[Address],[Telephone],[Fax],[Email],[Website],[ROC],[Prefix],[GST],[ReflectToOperation],[CreatedBy],[CreatedDate],[UpdatedBy],[UpdatedDate],[Delete],[CompanyCode])VALUES('C2760FC5-2F66-404E-979D-6B2F91014ED8','asdf','2 Saint Thomas Walk','23121','31321','31321','www.anstransportation.com','32131','A','NO','N','2D52FCF9-F779-4C8B-BBB9-30E5850CF312','Jul 19 2011 10:54:01:017PM',NULL,NULL,'N','000010')
INSERT INTO [Company] ([CompanyID],[Company],[Address],[Telephone],[Fax],[Email],[Website],[ROC],[Prefix],[GST],[ReflectToOperation],[CreatedBy],[CreatedDate],[UpdatedBy],[UpdatedDate],[Delete],[CompanyCode])VALUES('6DB2A4A6-52C6-44BF-9758-92229BBB1D74','777777','77777','777777','77777','77777','7777777','77777','77777','NO','N','9B7D62FB-029D-46C1-910E-883A64D0EED4','Jul 30 2011 12:31:48:080PM',NULL,NULL,'N','000013')
INSERT INTO [Company] ([CompanyID],[Company],[Address],[Telephone],[Fax],[Email],[Website],[ROC],[Prefix],[GST],[ReflectToOperation],[CreatedBy],[CreatedDate],[UpdatedBy],[UpdatedDate],[Delete],[CompanyCode])VALUES('1AE6A1D0-F27B-4BD4-9626-A2DC502FDD04','A&S Transportation','Singapore','23121','31321','31321','www.anstransportation.com','32131','A','NO','N','2D52FCF9-F779-4C8B-BBB9-30E5850CF312','Jul 17 2011  2:14:09:397PM',NULL,NULL,'N','000002')
INSERT INTO [Company] ([CompanyID],[Company],[Address],[Telephone],[Fax],[Email],[Website],[ROC],[Prefix],[GST],[ReflectToOperation],[CreatedBy],[CreatedDate],[UpdatedBy],[UpdatedDate],[Delete],[CompanyCode])VALUES('40783796-33CB-470D-A6DD-AAE05136BF79','A&S Transportation1','Singapore','23121','31321','31321','www.anstransportation.com','32131','A','NO','N','2D52FCF9-F779-4C8B-BBB9-30E5850CF312','Jul 17 2011  2:14:09:397PM',NULL,NULL,'N','000003')
INSERT INTO [Company] ([CompanyID],[Company],[Address],[Telephone],[Fax],[Email],[Website],[ROC],[Prefix],[GST],[ReflectToOperation],[CreatedBy],[CreatedDate],[UpdatedBy],[UpdatedDate],[Delete],[CompanyCode])VALUES('40783796-33CB-470D-A6DD-AAE15136BF79','aaaaaaaaaaaaa44444444444444','Singapore','23121','31321','31321','www.anstransportation.com','32131','A','NO','Y','2D52FCF9-F779-4C8B-BBB9-30E5850CF312','Jul 17 2011  2:14:09:397PM','2D52FCF9-F779-4C8B-BBB9-30E5850CF312','Jul 20 2011  9:56:10:760PM','N','000004')
INSERT INTO [Company] ([CompanyID],[Company],[Address],[Telephone],[Fax],[Email],[Website],[ROC],[Prefix],[GST],[ReflectToOperation],[CreatedBy],[CreatedDate],[UpdatedBy],[UpdatedDate],[Delete],[CompanyCode])VALUES('CBD45B78-4E71-4B27-866B-B38AF48E3C5A','34','343','234','343','343','343','34','343','NO','N','2D52FCF9-F779-4C8B-BBB9-30E5850CF312','Jul 17 2011  6:41:08:883PM',NULL,NULL,'N','000005')
INSERT INTO [Company] ([CompanyID],[Company],[Address],[Telephone],[Fax],[Email],[Website],[ROC],[Prefix],[GST],[ReflectToOperation],[CreatedBy],[CreatedDate],[UpdatedBy],[UpdatedDate],[Delete],[CompanyCode])VALUES('7F66B35E-2836-4AA9-9D64-BCC27838ACE4','888888888','88888888','8888888888','8888888888','8888888888','8888888888','888888','888888888','NO','Y','9B7D62FB-029D-46C1-910E-883A64D0EED4','Jul 30 2011 12:36:10:313PM','9B7D62FB-029D-46C1-910E-883A64D0EED4','Jul 30 2011 12:37:04:327PM','N','000015')
INSERT INTO [Company] ([CompanyID],[Company],[Address],[Telephone],[Fax],[Email],[Website],[ROC],[Prefix],[GST],[ReflectToOperation],[CreatedBy],[CreatedDate],[UpdatedBy],[UpdatedDate],[Delete],[CompanyCode])VALUES('760DBD7F-74A4-436B-A745-CCF4C059279D','aaaaa','343','234','123','123','234','32131','A','EXC','N','2D52FCF9-F779-4C8B-BBB9-30E5850CF312','Jul 19 2011 10:23:21:473PM',NULL,NULL,'N','000008')
INSERT INTO [Company] ([CompanyID],[Company],[Address],[Telephone],[Fax],[Email],[Website],[ROC],[Prefix],[GST],[ReflectToOperation],[CreatedBy],[CreatedDate],[UpdatedBy],[UpdatedDate],[Delete],[CompanyCode])VALUES('70E21F39-59DD-4C82-AAE0-D9820E5C8A13','99999999','999999999','99999999','999999','999999','99999999','99999999','99999999','NO','Y','9B7D62FB-029D-46C1-910E-883A64D0EED4','Jul 30 2011 12:35:43:337PM',NULL,NULL,'N','000014')
INSERT INTO [Company] ([CompanyID],[Company],[Address],[Telephone],[Fax],[Email],[Website],[ROC],[Prefix],[GST],[ReflectToOperation],[CreatedBy],[CreatedDate],[UpdatedBy],[UpdatedDate],[Delete],[CompanyCode])VALUES('74C60CC7-486C-4598-BD28-DB464ABC293A','A&S Transportation','2 Saint Thomas Walk','23121','31321','313211111','www.anstransportation.com','32131','A','NO','N','2D52FCF9-F779-4C8B-BBB9-30E5850CF312','Jul 17 2011  8:36:29:570PM','2D52FCF9-F779-4C8B-BBB9-30E5850CF312','Jul 17 2011  9:40:51:990PM','N','000006')

INSERT INTO [AccessLevel] ([AccessLevelID],[AccessLevel],[CreatedBy],[CreatedDate],[UpdatedBy],[UpdatedDate])VALUES('4AF5454A-D22B-4339-A20C-91EAB8DE7FBE','1','86BAC320-A24F-49ED-A1BD-6F686667299A','Jul 13 2011 11:21:26:080PM','4AC4C0A7-C875-4B8B-8345-2FA2AC26DADD','Jul 13 2011 11:21:26:080PM')

INSERT INTO [Country] ([CountryID],[CountryCode],[Country],[CreatedBy],[CreatedDate],[UpdatedBy],[UpdatedDate])VALUES('2C44A14F-AD48-44E0-A134-0285A57B44FC','US','United States of America','2A562B86-67EC-4700-8D3B-12BFCDAF18C2','Dec  1 2011 12:00:00:000AM','2A562B86-67EC-4700-8D3B-12BFCDAF18C2','Dec 12 2011 12:00:00:000AM')
INSERT INTO [Country] ([CountryID],[CountryCode],[Country],[CreatedBy],[CreatedDate],[UpdatedBy],[UpdatedDate])VALUES('6F78772F-7B1D-4A70-8BB3-12ED9C4B502F','SG','Singapore','02D8A385-3315-4D5D-9AC7-E7E709EAE7CC','Dec 12 2011 12:00:00:000AM','02D8A385-3315-4D5D-9AC7-E7E709EAE7CC','Dec 12 2011 12:00:00:000AM')
INSERT INTO [Country] ([CountryID],[CountryCode],[Country],[CreatedBy],[CreatedDate],[UpdatedBy],[UpdatedDate])VALUES('26886932-C6BE-43E3-B856-8DB4AA3A01C4','PH','Philippines','02D8A385-3315-4D5D-9AC7-E7E709EAE7CC','Dec 12 2011 12:00:00:000AM','02D8A385-3315-4D5D-9AC7-E7E709EAE7CC','Dec 12 2011 12:00:00:000AM')

INSERT INTO [Setting] ([SettingID],[SettingCode],[Value],[DefaultValue],[Description],[LocaleAware])VALUES('377F6C4E-CB0E-4000-97C1-0897FFCEA690','DROPDOWN_PAGESIZE','10|10,20|20,40|40,80|80,100|100,200|200','10|10,20|20,40|40,80|80,100|100,200|200','Values in Dropdownlist use in grid''s pagesize.',0)
INSERT INTO [Setting] ([SettingID],[SettingCode],[Value],[DefaultValue],[Description],[LocaleAware])VALUES('5919864F-F1BE-47E0-ACD5-468C3C426A5F','GST_PERCENTAGE','0.07','0.07','Goods and Services Tax',1)
INSERT INTO [Setting] ([SettingID],[SettingCode],[Value],[DefaultValue],[Description],[LocaleAware])VALUES('79238AA7-B2A1-4F3D-89E5-B16E1C72C2B7','DROPDOWN_SEATER','25|25,29|29,39|39,49|49,50|50','25|25,29|29,39|39,49|49,50|50','Values in seater dropdownlist',0)

INSERT INTO [ContractSchedule] ([ContractScheduleID],[ContractID],[ScheduleDate],[StartTime],[EndTime])VALUES('AE5831C0-FD47-4ECB-BEB1-0768546217AB','F859B433-C863-4798-8C86-08EFCBD90A09','Aug 10 2011 12:00:00:000AM','Aug 10 2011  9:00:00:000AM','Aug 10 2011  6:30:00:000PM')
INSERT INTO [ContractSchedule] ([ContractScheduleID],[ContractID],[ScheduleDate],[StartTime],[EndTime])VALUES('F744EC13-6CBD-4A81-B4C0-0A3A28FB321C','8FC3FFDF-1C34-48F7-8650-C4093842BE05','Aug 11 2011 12:00:00:000AM','Aug 11 2011 10:00:00:000AM','Aug 11 2011  5:50:00:000PM')
INSERT INTO [ContractSchedule] ([ContractScheduleID],[ContractID],[ScheduleDate],[StartTime],[EndTime])VALUES('B7F53F33-F6D5-4AC5-990C-0F3A973E49EF','F859B433-C863-4798-8C86-08EFCBD90A09','Aug 10 2011 12:00:00:000AM','Aug 10 2011  9:00:00:000AM','Aug 10 2011  6:00:00:000PM')
INSERT INTO [ContractSchedule] ([ContractScheduleID],[ContractID],[ScheduleDate],[StartTime],[EndTime])VALUES('0DF0DABA-BC38-4C2B-9D76-14A0FFB8AA17','4C2FF15D-8007-4E4B-9721-441CA6AA546B','Aug  3 2011 12:00:00:000AM','Aug  3 2011  9:00:00:000AM','Aug  3 2011  6:00:00:000PM')
INSERT INTO [ContractSchedule] ([ContractScheduleID],[ContractID],[ScheduleDate],[StartTime],[EndTime])VALUES('DA8C755F-F735-496E-B1F6-15623A19EF0A','8FC3FFDF-1C34-48F7-8650-C4093842BE05','Aug  8 2011 12:00:00:000AM','Aug  8 2011  9:00:00:000AM','Aug  8 2011  4:30:00:000PM')
INSERT INTO [ContractSchedule] ([ContractScheduleID],[ContractID],[ScheduleDate],[StartTime],[EndTime])VALUES('3883EA3C-FD82-4F35-A08A-16EE77B91607','718C266F-E811-452E-A38C-F4910E09F071','Aug  8 2011 12:00:00:000AM','Aug  8 2011 10:20:00:000AM','Aug  8 2011  6:00:00:000PM')
INSERT INTO [ContractSchedule] ([ContractScheduleID],[ContractID],[ScheduleDate],[StartTime],[EndTime])VALUES('EDEC6711-AEDD-43AA-98D0-17DC02189B3D','8FC3FFDF-1C34-48F7-8650-C4093842BE05','Aug  5 2011 12:00:00:000AM','Aug  5 2011 11:00:00:000AM','Aug  5 2011  2:25:00:000PM')
INSERT INTO [ContractSchedule] ([ContractScheduleID],[ContractID],[ScheduleDate],[StartTime],[EndTime])VALUES('D85C2AD4-838B-4D96-A6C0-19CB784BBA6D','43D324E0-13FF-4D55-AC89-B9806FBE783C','Aug  3 2011 12:00:00:000AM','Aug  3 2011  9:00:00:000AM','Aug  3 2011  5:30:00:000PM')
INSERT INTO [ContractSchedule] ([ContractScheduleID],[ContractID],[ScheduleDate],[StartTime],[EndTime])VALUES('A53849FB-07F4-46D1-BC19-1A2EA4D3F4B4','D34E0788-2BEB-46BA-94C3-732B3E7C25E7','Aug 22 2011 12:00:00:000AM','Aug 22 2011  7:30:00:000AM','Aug 22 2011  6:00:00:000PM')
INSERT INTO [ContractSchedule] ([ContractScheduleID],[ContractID],[ScheduleDate],[StartTime],[EndTime])VALUES('91D67886-0172-4948-825F-1A8EB762D5F9','43D324E0-13FF-4D55-AC89-B9806FBE783C','Aug 10 2011 12:00:00:000AM','Aug 10 2011  9:00:00:000AM','Aug 10 2011  5:30:00:000PM')
INSERT INTO [ContractSchedule] ([ContractScheduleID],[ContractID],[ScheduleDate],[StartTime],[EndTime])VALUES('E0E368BF-57B3-4FA3-A9DD-1ABB57A1088A','F859B433-C863-4798-8C86-08EFCBD90A09','Aug  5 2011 12:00:00:000AM','Aug  5 2011  8:00:00:000AM','Aug  5 2011  4:00:00:000PM')
INSERT INTO [ContractSchedule] ([ContractScheduleID],[ContractID],[ScheduleDate],[StartTime],[EndTime])VALUES('AE843682-763A-4BA1-BF50-1D0C8C4638F9','F859B433-C863-4798-8C86-08EFCBD90A09','Aug  8 2011 12:00:00:000AM','Aug  8 2011  7:00:00:000AM','Aug  8 2011  7:00:00:000PM')
INSERT INTO [ContractSchedule] ([ContractScheduleID],[ContractID],[ScheduleDate],[StartTime],[EndTime])VALUES('BC1DFB02-79C1-4E2E-99A8-203B0627FD15','F859B433-C863-4798-8C86-08EFCBD90A09','Aug  3 2011 12:00:00:000AM','Aug  3 2011  9:00:00:000AM','Aug  3 2011  6:00:00:000PM')
INSERT INTO [ContractSchedule] ([ContractScheduleID],[ContractID],[ScheduleDate],[StartTime],[EndTime])VALUES('8ED71DDC-7137-4F22-900F-23E891B0C9F5','4C2FF15D-8007-4E4B-9721-441CA6AA546B','Aug  8 2011 12:00:00:000AM','Aug  8 2011  7:00:00:000AM','Aug  8 2011  7:00:00:000PM')
INSERT INTO [ContractSchedule] ([ContractScheduleID],[ContractID],[ScheduleDate],[StartTime],[EndTime])VALUES('96FD6532-1770-4B0C-AE54-28008F1F1C9C','F859B433-C863-4798-8C86-08EFCBD90A09','Aug  1 2011 12:00:00:000AM','Aug  1 2011  7:00:00:000AM','Aug  1 2011  7:00:00:000PM')
INSERT INTO [ContractSchedule] ([ContractScheduleID],[ContractID],[ScheduleDate],[StartTime],[EndTime])VALUES('92AC5854-8A90-4FCE-A682-292360BFBD25','F859B433-C863-4798-8C86-08EFCBD90A09','Aug 10 2011 12:00:00:000AM','Aug 10 2011  9:00:00:000AM','Aug 10 2011  6:30:00:000PM')
INSERT INTO [ContractSchedule] ([ContractScheduleID],[ContractID],[ScheduleDate],[StartTime],[EndTime])VALUES('8CEA115A-7383-4ADA-BEF6-29A2B797C076','43D324E0-13FF-4D55-AC89-B9806FBE783C','Aug  1 2011 12:00:00:000AM','Aug  1 2011  9:00:00:000AM','Aug  1 2011  4:30:00:000PM')
INSERT INTO [ContractSchedule] ([ContractScheduleID],[ContractID],[ScheduleDate],[StartTime],[EndTime])VALUES('EFDB5569-E5F5-4F2D-BDEF-2A06061FB9E3','F859B433-C863-4798-8C86-08EFCBD90A09','Aug 10 2011 12:00:00:000AM','Aug 10 2011  9:00:00:000AM','Aug 10 2011  6:00:00:000PM')
INSERT INTO [ContractSchedule] ([ContractScheduleID],[ContractID],[ScheduleDate],[StartTime],[EndTime])VALUES('AC7964AD-0019-442D-97E1-2BB29D4B1168','F859B433-C863-4798-8C86-08EFCBD90A09','Aug 12 2011 12:00:00:000AM','Aug 12 2011  8:00:00:000AM','Aug 12 2011  4:00:00:000PM')
INSERT INTO [ContractSchedule] ([ContractScheduleID],[ContractID],[ScheduleDate],[StartTime],[EndTime])VALUES('CC1EA1B8-2E26-4F05-85CF-30B2BCE1B9C7','F859B433-C863-4798-8C86-08EFCBD90A09','Aug  3 2011 12:00:00:000AM','Aug  3 2011  9:00:00:000AM','Aug  3 2011  6:30:00:000PM')
INSERT INTO [ContractSchedule] ([ContractScheduleID],[ContractID],[ScheduleDate],[StartTime],[EndTime])VALUES('6E0CC6AC-78AA-4523-82A7-32B847376E82','F859B433-C863-4798-8C86-08EFCBD90A09','Aug  1 2011 12:00:00:000AM','Aug  1 2011  7:00:00:000AM','Aug  1 2011  7:00:00:000PM')
INSERT INTO [ContractSchedule] ([ContractScheduleID],[ContractID],[ScheduleDate],[StartTime],[EndTime])VALUES('E3311681-5D57-4727-8BDE-3838FA7DDF64','F859B433-C863-4798-8C86-08EFCBD90A09','Aug 12 2011 12:00:00:000AM','Aug 12 2011  8:00:00:000AM','Aug 12 2011  4:00:00:000PM')
INSERT INTO [ContractSchedule] ([ContractScheduleID],[ContractID],[ScheduleDate],[StartTime],[EndTime])VALUES('4C4B3A0C-ABFB-4AAE-A32F-3E1D1B45D027','F859B433-C863-4798-8C86-08EFCBD90A09','Aug  8 2011 12:00:00:000AM','Aug  8 2011  7:00:00:000AM','Aug  8 2011  7:00:00:000PM')
INSERT INTO [ContractSchedule] ([ContractScheduleID],[ContractID],[ScheduleDate],[StartTime],[EndTime])VALUES('93217ABB-74E9-42D4-8FCD-3E3513A66406','8FC3FFDF-1C34-48F7-8650-C4093842BE05','Aug  2 2011 12:00:00:000AM','Aug  2 2011  8:00:00:000AM','Aug  2 2011  2:50:00:000PM')
INSERT INTO [ContractSchedule] ([ContractScheduleID],[ContractID],[ScheduleDate],[StartTime],[EndTime])VALUES('FA6E9D83-C9FD-4F31-840B-4042484FBA8C','F859B433-C863-4798-8C86-08EFCBD90A09','Aug  3 2011 12:00:00:000AM','Aug  3 2011  9:00:00:000AM','Aug  3 2011  6:00:00:000PM')
INSERT INTO [ContractSchedule] ([ContractScheduleID],[ContractID],[ScheduleDate],[StartTime],[EndTime])VALUES('6FBBF341-4959-4CA2-97CC-452832D70160','F859B433-C863-4798-8C86-08EFCBD90A09','Aug  1 2011 12:00:00:000AM','Aug  1 2011  7:00:00:000AM','Aug  1 2011  7:00:00:000PM')
INSERT INTO [ContractSchedule] ([ContractScheduleID],[ContractID],[ScheduleDate],[StartTime],[EndTime])VALUES('41C05318-0826-47C9-9D2A-46D174277196','8FC3FFDF-1C34-48F7-8650-C4093842BE05','Aug  9 2011 12:00:00:000AM','Aug  9 2011  8:00:00:000AM','Aug  9 2011  2:50:00:000PM')
INSERT INTO [ContractSchedule] ([ContractScheduleID],[ContractID],[ScheduleDate],[StartTime],[EndTime])VALUES('FCC6C9F0-0CBD-44D1-86CE-474ED5F476FB','F859B433-C863-4798-8C86-08EFCBD90A09','Aug  5 2011 12:00:00:000AM','Aug  5 2011  8:00:00:000AM','Aug  5 2011  4:00:00:000PM')
INSERT INTO [ContractSchedule] ([ContractScheduleID],[ContractID],[ScheduleDate],[StartTime],[EndTime])VALUES('107AA6DD-DE07-4064-9954-47F9FCB75DC6','F859B433-C863-4798-8C86-08EFCBD90A09','Aug  8 2011 12:00:00:000AM','Aug  8 2011  7:00:00:000AM','Aug  8 2011  7:00:00:000PM')
INSERT INTO [ContractSchedule] ([ContractScheduleID],[ContractID],[ScheduleDate],[StartTime],[EndTime])VALUES('35B31959-28DD-4E2F-8EF0-4BACE4A86909','D34E0788-2BEB-46BA-94C3-732B3E7C25E7','Aug  8 2011 12:00:00:000AM','Aug  8 2011  7:30:00:000AM','Aug  8 2011  6:00:00:000PM')
INSERT INTO [ContractSchedule] ([ContractScheduleID],[ContractID],[ScheduleDate],[StartTime],[EndTime])VALUES('6DFE08C1-6DEE-4965-B5DA-4BC760BD3E18','F859B433-C863-4798-8C86-08EFCBD90A09','Aug  7 2011 12:00:00:000AM','Aug  7 2011  9:00:00:000AM','Aug  7 2011  3:00:00:000PM')
INSERT INTO [ContractSchedule] ([ContractScheduleID],[ContractID],[ScheduleDate],[StartTime],[EndTime])VALUES('239CC1B3-210D-4348-9073-5255FF456BDE','F859B433-C863-4798-8C86-08EFCBD90A09','Aug  5 2011 12:00:00:000AM','Aug  5 2011  8:00:00:000AM','Aug  5 2011  4:00:00:000PM')
INSERT INTO [ContractSchedule] ([ContractScheduleID],[ContractID],[ScheduleDate],[StartTime],[EndTime])VALUES('AE632C4D-B564-4C8E-8B6D-5256726BD7D3','43D324E0-13FF-4D55-AC89-B9806FBE783C','Aug  6 2011 12:00:00:000AM','Aug  6 2011 11:00:00:000AM','Aug  6 2011  4:35:00:000PM')
INSERT INTO [ContractSchedule] ([ContractScheduleID],[ContractID],[ScheduleDate],[StartTime],[EndTime])VALUES('7FFDCB62-F9C9-4E72-972C-55635948699D','4C2FF15D-8007-4E4B-9721-441CA6AA546B','Aug 12 2011 12:00:00:000AM','Aug 12 2011  8:00:00:000AM','Aug 12 2011  4:00:00:000PM')
INSERT INTO [ContractSchedule] ([ContractScheduleID],[ContractID],[ScheduleDate],[StartTime],[EndTime])VALUES('38C7E87B-81CC-40DD-8FB4-565BA5CBDC30','4C2FF15D-8007-4E4B-9721-441CA6AA546B','Aug  7 2011 12:00:00:000AM','Aug  7 2011  9:00:00:000AM','Aug  7 2011  3:00:00:000PM')
INSERT INTO [ContractSchedule] ([ContractScheduleID],[ContractID],[ScheduleDate],[StartTime],[EndTime])VALUES('E78E0C79-80EF-4510-B4E5-575CC84D7603','F859B433-C863-4798-8C86-08EFCBD90A09','Aug  7 2011 12:00:00:000AM','Aug  7 2011  9:00:00:000AM','Aug  7 2011  3:00:00:000PM')
INSERT INTO [ContractSchedule] ([ContractScheduleID],[ContractID],[ScheduleDate],[StartTime],[EndTime])VALUES('C5A70570-7D61-4462-9B38-59C049E0CF3A','950EFBD2-DC1D-44FF-A21D-9C0B4FDBCEA8','Aug  1 2011 12:00:00:000AM','Aug  1 2011 10:20:00:000AM','Aug  1 2011  7:00:00:000PM')
INSERT INTO [ContractSchedule] ([ContractScheduleID],[ContractID],[ScheduleDate],[StartTime],[EndTime])VALUES('A426AF57-9EF9-494C-9690-5BF8956A0BB8','F859B433-C863-4798-8C86-08EFCBD90A09','Aug  1 2011 12:00:00:000AM','Aug  1 2011  7:00:00:000AM','Aug  1 2011  7:00:00:000PM')
INSERT INTO [ContractSchedule] ([ContractScheduleID],[ContractID],[ScheduleDate],[StartTime],[EndTime])VALUES('A192D00B-0FF2-4642-9A2F-677201877EC5','F859B433-C863-4798-8C86-08EFCBD90A09','Aug  7 2011 12:00:00:000AM','Aug  7 2011  9:00:00:000AM','Aug  7 2011  3:00:00:000PM')
INSERT INTO [ContractSchedule] ([ContractScheduleID],[ContractID],[ScheduleDate],[StartTime],[EndTime])VALUES('962789A3-3730-4682-AA0E-6B36C0D9AF73','4C2FF15D-8007-4E4B-9721-441CA6AA546B','Aug  1 2011 12:00:00:000AM','Aug  1 2011  7:00:00:000AM','Aug  1 2011  7:00:00:000PM')
INSERT INTO [ContractSchedule] ([ContractScheduleID],[ContractID],[ScheduleDate],[StartTime],[EndTime])VALUES('84C3FDF0-E3B6-46EB-908B-6C6C518DA73E','43D324E0-13FF-4D55-AC89-B9806FBE783C','Aug  9 2011 12:00:00:000AM','Aug  9 2011  8:00:00:000AM','Aug  9 2011  2:50:00:000PM')
INSERT INTO [ContractSchedule] ([ContractScheduleID],[ContractID],[ScheduleDate],[StartTime],[EndTime])VALUES('3342CC40-1A5D-48CC-B607-6D76AE83B564','718C266F-E811-452E-A38C-F4910E09F071','Aug 15 2011 12:00:00:000AM','Aug 15 2011 10:20:00:000AM','Aug 15 2011  6:00:00:000PM')
INSERT INTO [ContractSchedule] ([ContractScheduleID],[ContractID],[ScheduleDate],[StartTime],[EndTime])VALUES('CA082732-0A34-4D30-96DA-6F6472589349','F859B433-C863-4798-8C86-08EFCBD90A09','Aug  1 2011 12:00:00:000AM','Aug  1 2011  7:00:00:000AM','Aug  1 2011  7:00:00:000PM')
INSERT INTO [ContractSchedule] ([ContractScheduleID],[ContractID],[ScheduleDate],[StartTime],[EndTime])VALUES('7006E954-D0F5-4501-B521-7028F32A3EEE','F859B433-C863-4798-8C86-08EFCBD90A09','Aug 10 2011 12:00:00:000AM','Aug 10 2011  9:00:00:000AM','Aug 10 2011  6:00:00:000PM')
INSERT INTO [ContractSchedule] ([ContractScheduleID],[ContractID],[ScheduleDate],[StartTime],[EndTime])VALUES('09924ECF-FA26-4E86-8770-717BDCA400B1','D34E0788-2BEB-46BA-94C3-732B3E7C25E7','Aug  4 2011 12:00:00:000AM','Aug  4 2011  8:30:00:000AM','Aug  4 2011  5:00:00:000PM')
INSERT INTO [ContractSchedule] ([ContractScheduleID],[ContractID],[ScheduleDate],[StartTime],[EndTime])VALUES('E97242DC-2450-4F76-B08F-71D45B9C3312','4C2FF15D-8007-4E4B-9721-441CA6AA546B','Aug 10 2011 12:00:00:000AM','Aug 10 2011  9:00:00:000AM','Aug 10 2011  6:00:00:000PM')
INSERT INTO [ContractSchedule] ([ContractScheduleID],[ContractID],[ScheduleDate],[StartTime],[EndTime])VALUES('F8EB4828-FB66-4A5A-AD0C-71DAFB0D1419','F859B433-C863-4798-8C86-08EFCBD90A09','Aug 12 2011 12:00:00:000AM','Aug 12 2011  8:00:00:000AM','Aug 12 2011  4:00:00:000PM')
INSERT INTO [ContractSchedule] ([ContractScheduleID],[ContractID],[ScheduleDate],[StartTime],[EndTime])VALUES('FDD26FDD-8864-471A-BD32-75114346B617','F859B433-C863-4798-8C86-08EFCBD90A09','Aug  7 2011 12:00:00:000AM','Aug  7 2011  9:00:00:000AM','Aug  7 2011  3:00:00:000PM')
INSERT INTO [ContractSchedule] ([ContractScheduleID],[ContractID],[ScheduleDate],[StartTime],[EndTime])VALUES('EC6DAAD0-7725-4AE5-859E-7613C8700AA9','D34E0788-2BEB-46BA-94C3-732B3E7C25E7','Aug 25 2011 12:00:00:000AM','Aug 25 2011  8:30:00:000AM','Aug 25 2011  5:00:00:000PM')
INSERT INTO [ContractSchedule] ([ContractScheduleID],[ContractID],[ScheduleDate],[StartTime],[EndTime])VALUES('751E76C5-F7E8-4DBA-B586-76EC1EE35E95','F859B433-C863-4798-8C86-08EFCBD90A09','Aug  5 2011 12:00:00:000AM','Aug  5 2011  8:00:00:000AM','Aug  5 2011  4:00:00:000PM')
INSERT INTO [ContractSchedule] ([ContractScheduleID],[ContractID],[ScheduleDate],[StartTime],[EndTime])VALUES('B6AAE3EE-C6D1-4211-9B5D-7A1A90104C2B','F859B433-C863-4798-8C86-08EFCBD90A09','Aug  1 2011 12:00:00:000AM','Aug  1 2011 10:20:00:000AM','Aug  1 2011  7:00:00:000PM')
INSERT INTO [ContractSchedule] ([ContractScheduleID],[ContractID],[ScheduleDate],[StartTime],[EndTime])VALUES('F08920C7-65E0-4B96-9921-7DA6741EA6C2','F859B433-C863-4798-8C86-08EFCBD90A09','Aug  7 2011 12:00:00:000AM','Aug  7 2011  9:00:00:000AM','Aug  7 2011  3:00:00:000PM')
INSERT INTO [ContractSchedule] ([ContractScheduleID],[ContractID],[ScheduleDate],[StartTime],[EndTime])VALUES('F7494D43-F7D7-4932-8DC0-858FD24178B9','718C266F-E811-452E-A38C-F4910E09F071','Aug  7 2011 12:00:00:000AM','Aug  7 2011 12:00:00:000PM','Aug  7 2011  4:00:00:000PM')
INSERT INTO [ContractSchedule] ([ContractScheduleID],[ContractID],[ScheduleDate],[StartTime],[EndTime])VALUES('154C50DA-F81B-4A0D-BC97-896D8A59E0A8','D34E0788-2BEB-46BA-94C3-732B3E7C25E7','Aug  1 2011 12:00:00:000AM','Aug  1 2011  7:30:00:000AM','Aug  1 2011  6:00:00:000PM')
INSERT INTO [ContractSchedule] ([ContractScheduleID],[ContractID],[ScheduleDate],[StartTime],[EndTime])VALUES('FD81ED83-B40B-4549-9EDA-9107B60BE469','950EFBD2-DC1D-44FF-A21D-9C0B4FDBCEA8','Aug  8 2011 12:00:00:000AM','Aug  8 2011 10:20:00:000AM','Aug  8 2011  7:00:00:000PM')
INSERT INTO [ContractSchedule] ([ContractScheduleID],[ContractID],[ScheduleDate],[StartTime],[EndTime])VALUES('C2DD3CA3-7345-47A0-B007-949E4F8D50AA','F859B433-C863-4798-8C86-08EFCBD90A09','Aug 10 2011 12:00:00:000AM','Aug 10 2011  9:00:00:000AM','Aug 10 2011  6:00:00:000PM')
INSERT INTO [ContractSchedule] ([ContractScheduleID],[ContractID],[ScheduleDate],[StartTime],[EndTime])VALUES('DA3F10FA-5AC9-4294-8D4F-A1319A239E8F','F859B433-C863-4798-8C86-08EFCBD90A09','Aug  5 2011 12:00:00:000AM','Aug  5 2011  8:00:00:000AM','Aug  5 2011  4:00:00:000PM')
INSERT INTO [ContractSchedule] ([ContractScheduleID],[ContractID],[ScheduleDate],[StartTime],[EndTime])VALUES('547EF5CD-27A2-47ED-8CFA-A346C86C4FE3','D34E0788-2BEB-46BA-94C3-732B3E7C25E7','Aug 18 2011 12:00:00:000AM','Aug 18 2011  8:30:00:000AM','Aug 18 2011  5:00:00:000PM')
INSERT INTO [ContractSchedule] ([ContractScheduleID],[ContractID],[ScheduleDate],[StartTime],[EndTime])VALUES('C435CF1F-2733-4AE4-A87A-A525AB185886','4C2FF15D-8007-4E4B-9721-441CA6AA546B','Aug  5 2011 12:00:00:000AM','Aug  5 2011  8:00:00:000AM','Aug  5 2011  4:00:00:000PM')
INSERT INTO [ContractSchedule] ([ContractScheduleID],[ContractID],[ScheduleDate],[StartTime],[EndTime])VALUES('245ABE0B-D123-4CC9-9093-A5728518984B','F859B433-C863-4798-8C86-08EFCBD90A09','Aug 12 2011 12:00:00:000AM','Aug 12 2011  8:00:00:000AM','Aug 12 2011  4:00:00:000PM')
INSERT INTO [ContractSchedule] ([ContractScheduleID],[ContractID],[ScheduleDate],[StartTime],[EndTime])VALUES('F3959D56-A75B-452C-82D6-A6D5C78BE4BD','F859B433-C863-4798-8C86-08EFCBD90A09','Aug  7 2011 12:00:00:000AM','Aug  7 2011  9:00:00:000AM','Aug  7 2011  3:00:00:000PM')
INSERT INTO [ContractSchedule] ([ContractScheduleID],[ContractID],[ScheduleDate],[StartTime],[EndTime])VALUES('EC285BCD-25FF-4F45-8774-A7FE79229FA4','718C266F-E811-452E-A38C-F4910E09F071','Aug  1 2011 12:00:00:000AM','Aug  1 2011 10:20:00:000AM','Aug  1 2011  6:00:00:000PM')
INSERT INTO [ContractSchedule] ([ContractScheduleID],[ContractID],[ScheduleDate],[StartTime],[EndTime])VALUES('79D09E58-5C76-410F-BEF0-A8BA17EC394C','718C266F-E811-452E-A38C-F4910E09F071','Aug 22 2011 12:00:00:000AM','Aug 22 2011 10:20:00:000AM','Aug 22 2011  6:00:00:000PM')
INSERT INTO [ContractSchedule] ([ContractScheduleID],[ContractID],[ScheduleDate],[StartTime],[EndTime])VALUES('7037A5E2-695F-4D6E-8B39-A8CE41B309E3','F859B433-C863-4798-8C86-08EFCBD90A09','Aug  1 2011 12:00:00:000AM','Aug  1 2011  7:00:00:000AM','Aug  1 2011  7:00:00:000PM')
INSERT INTO [ContractSchedule] ([ContractScheduleID],[ContractID],[ScheduleDate],[StartTime],[EndTime])VALUES('B0FE793E-F37A-4606-8303-AB551272D236','F859B433-C863-4798-8C86-08EFCBD90A09','Aug  8 2011 12:00:00:000AM','Aug  8 2011 10:20:00:000AM','Aug  8 2011  7:00:00:000PM')
INSERT INTO [ContractSchedule] ([ContractScheduleID],[ContractID],[ScheduleDate],[StartTime],[EndTime])VALUES('4C7EA303-2CCE-46E1-9885-ABCA486EA319','718C266F-E811-452E-A38C-F4910E09F071','Aug 28 2011 12:00:00:000AM','Aug 28 2011 12:00:00:000PM','Aug 28 2011  4:00:00:000PM')
INSERT INTO [ContractSchedule] ([ContractScheduleID],[ContractID],[ScheduleDate],[StartTime],[EndTime])VALUES('E3757040-762C-4892-9D3F-B0F5507063E0','8FC3FFDF-1C34-48F7-8650-C4093842BE05','Aug  7 2011 12:00:00:000AM','Aug  7 2011 10:00:00:000AM','Aug  7 2011  4:55:00:000PM')
INSERT INTO [ContractSchedule] ([ContractScheduleID],[ContractID],[ScheduleDate],[StartTime],[EndTime])VALUES('DB57A7C3-246E-42BC-A99E-B14F8A539037','F859B433-C863-4798-8C86-08EFCBD90A09','Aug  8 2011 12:00:00:000AM','Aug  8 2011  7:00:00:000AM','Aug  8 2011  7:00:00:000PM')
INSERT INTO [ContractSchedule] ([ContractScheduleID],[ContractID],[ScheduleDate],[StartTime],[EndTime])VALUES('E1FEA932-E0E2-477E-B4C5-B2D3772664B0','43D324E0-13FF-4D55-AC89-B9806FBE783C','Aug  5 2011 12:00:00:000AM','Aug  5 2011 11:00:00:000AM','Aug  5 2011  2:25:00:000PM')
INSERT INTO [ContractSchedule] ([ContractScheduleID],[ContractID],[ScheduleDate],[StartTime],[EndTime])VALUES('063225ED-F0E9-4DCC-AB38-B4FF65B0EBB6','950EFBD2-DC1D-44FF-A21D-9C0B4FDBCEA8','Aug  4 2011 12:00:00:000AM','Aug  4 2011 10:00:00:000AM','Aug  4 2011  7:00:00:000PM')
INSERT INTO [ContractSchedule] ([ContractScheduleID],[ContractID],[ScheduleDate],[StartTime],[EndTime])VALUES('20D761BF-2B0A-4513-A129-B514EF71B54D','F859B433-C863-4798-8C86-08EFCBD90A09','Aug 10 2011 12:00:00:000AM','Aug 10 2011  9:00:00:000AM','Aug 10 2011  6:00:00:000PM')
INSERT INTO [ContractSchedule] ([ContractScheduleID],[ContractID],[ScheduleDate],[StartTime],[EndTime])VALUES('A2609B05-535B-4481-BA2E-B8F19BCF35FA','F859B433-C863-4798-8C86-08EFCBD90A09','Aug  8 2011 12:00:00:000AM','Aug  8 2011  7:00:00:000AM','Aug  8 2011  7:00:00:000PM')
INSERT INTO [ContractSchedule] ([ContractScheduleID],[ContractID],[ScheduleDate],[StartTime],[EndTime])VALUES('AA326D61-5FC5-465E-AA40-BACE96937506','950EFBD2-DC1D-44FF-A21D-9C0B4FDBCEA8','Aug 11 2011 12:00:00:000AM','Aug 11 2011 10:00:00:000AM','Aug 11 2011  7:00:00:000PM')
INSERT INTO [ContractSchedule] ([ContractScheduleID],[ContractID],[ScheduleDate],[StartTime],[EndTime])VALUES('540A6B31-69F6-40A0-9583-BB5A5F1BAF13','8FC3FFDF-1C34-48F7-8650-C4093842BE05','Aug  4 2011 12:00:00:000AM','Aug  4 2011 10:00:00:000AM','Aug  4 2011  5:50:00:000PM')
INSERT INTO [ContractSchedule] ([ContractScheduleID],[ContractID],[ScheduleDate],[StartTime],[EndTime])VALUES('A42888D4-5D9A-4944-80AF-BD739A0D23BB','D34E0788-2BEB-46BA-94C3-732B3E7C25E7','Aug 29 2011 12:00:00:000AM','Aug 29 2011  7:30:00:000AM','Aug 29 2011  6:00:00:000PM')
INSERT INTO [ContractSchedule] ([ContractScheduleID],[ContractID],[ScheduleDate],[StartTime],[EndTime])VALUES('66D60111-B946-4D04-B0A5-C2CE69A0ACE3','F859B433-C863-4798-8C86-08EFCBD90A09','Aug  3 2011 12:00:00:000AM','Aug  3 2011  9:00:00:000AM','Aug  3 2011  6:00:00:000PM')
INSERT INTO [ContractSchedule] ([ContractScheduleID],[ContractID],[ScheduleDate],[StartTime],[EndTime])VALUES('4D0A6261-F1A5-4007-962A-C8E703F649C0','718C266F-E811-452E-A38C-F4910E09F071','Aug 14 2011 12:00:00:000AM','Aug 14 2011 12:00:00:000PM','Aug 14 2011  4:00:00:000PM')
INSERT INTO [ContractSchedule] ([ContractScheduleID],[ContractID],[ScheduleDate],[StartTime],[EndTime])VALUES('629EDEC7-A3D4-45DE-A66D-CA013498EA77','43D324E0-13FF-4D55-AC89-B9806FBE783C','Aug  7 2011 12:00:00:000AM','Aug  7 2011 10:00:00:000AM','Aug  7 2011  4:55:00:000PM')
INSERT INTO [ContractSchedule] ([ContractScheduleID],[ContractID],[ScheduleDate],[StartTime],[EndTime])VALUES('A5FAE295-00B3-4EB6-B615-CBC13A261826','43D324E0-13FF-4D55-AC89-B9806FBE783C','Aug 11 2011 12:00:00:000AM','Aug 11 2011 10:00:00:000AM','Aug 11 2011  5:50:00:000PM')
INSERT INTO [ContractSchedule] ([ContractScheduleID],[ContractID],[ScheduleDate],[StartTime],[EndTime])VALUES('1F9B4FB5-B0DE-4143-A26C-CD2CA1D35F42','718C266F-E811-452E-A38C-F4910E09F071','Aug 21 2011 12:00:00:000AM','Aug 21 2011 12:00:00:000PM','Aug 21 2011  4:00:00:000PM')
INSERT INTO [ContractSchedule] ([ContractScheduleID],[ContractID],[ScheduleDate],[StartTime],[EndTime])VALUES('2803B20E-5212-4BF3-A44B-CE36518E0C64','F859B433-C863-4798-8C86-08EFCBD90A09','Aug  4 2011 12:00:00:000AM','Aug  4 2011 10:00:00:000AM','Aug  4 2011  7:00:00:000PM')
INSERT INTO [ContractSchedule] ([ContractScheduleID],[ContractID],[ScheduleDate],[StartTime],[EndTime])VALUES('7984A399-3342-4612-ACD7-CEF2E71879EE','D34E0788-2BEB-46BA-94C3-732B3E7C25E7','Aug 11 2011 12:00:00:000AM','Aug 11 2011  8:30:00:000AM','Aug 11 2011  5:00:00:000PM')
INSERT INTO [ContractSchedule] ([ContractScheduleID],[ContractID],[ScheduleDate],[StartTime],[EndTime])VALUES('01CD8917-1474-4882-BC73-D487CDCD5211','F859B433-C863-4798-8C86-08EFCBD90A09','Aug 12 2011 12:00:00:000AM','Aug 12 2011  8:00:00:000AM','Aug 12 2011  4:00:00:000PM')
INSERT INTO [ContractSchedule] ([ContractScheduleID],[ContractID],[ScheduleDate],[StartTime],[EndTime])VALUES('73662B31-87F2-49E1-8C36-D4A14AADB7C8','F859B433-C863-4798-8C86-08EFCBD90A09','Aug  3 2011 12:00:00:000AM','Aug  3 2011  9:00:00:000AM','Aug  3 2011  6:00:00:000PM')
INSERT INTO [ContractSchedule] ([ContractScheduleID],[ContractID],[ScheduleDate],[StartTime],[EndTime])VALUES('ABC77EF6-DCFB-4D96-88E2-D523FBD25BBD','8FC3FFDF-1C34-48F7-8650-C4093842BE05','Aug  6 2011 12:00:00:000AM','Aug  6 2011 11:00:00:000AM','Aug  6 2011  4:35:00:000PM')
INSERT INTO [ContractSchedule] ([ContractScheduleID],[ContractID],[ScheduleDate],[StartTime],[EndTime])VALUES('F260E599-CCF8-4131-8D9A-D7FF3F469B34','F859B433-C863-4798-8C86-08EFCBD90A09','Aug 12 2011 12:00:00:000AM','Aug 12 2011  8:00:00:000AM','Aug 12 2011  4:00:00:000PM')
INSERT INTO [ContractSchedule] ([ContractScheduleID],[ContractID],[ScheduleDate],[StartTime],[EndTime])VALUES('F9C312F5-7948-4A1D-AAD3-DA1F040696D7','8FC3FFDF-1C34-48F7-8650-C4093842BE05','Aug 10 2011 12:00:00:000AM','Aug 10 2011  9:00:00:000AM','Aug 10 2011  5:30:00:000PM')
INSERT INTO [ContractSchedule] ([ContractScheduleID],[ContractID],[ScheduleDate],[StartTime],[EndTime])VALUES('7B36D1A1-EEB2-4B8C-830F-DAE214BE935E','F859B433-C863-4798-8C86-08EFCBD90A09','Aug  5 2011 12:00:00:000AM','Aug  5 2011  8:00:00:000AM','Aug  5 2011  4:00:00:000PM')
INSERT INTO [ContractSchedule] ([ContractScheduleID],[ContractID],[ScheduleDate],[StartTime],[EndTime])VALUES('05B1ACFC-63E2-413E-9531-DB597EEBB7C0','F859B433-C863-4798-8C86-08EFCBD90A09','Aug  3 2011 12:00:00:000AM','Aug  3 2011  9:00:00:000AM','Aug  3 2011  6:00:00:000PM')
INSERT INTO [ContractSchedule] ([ContractScheduleID],[ContractID],[ScheduleDate],[StartTime],[EndTime])VALUES('37F877E1-F2EC-4CFE-906A-E323F3D4E036','43D324E0-13FF-4D55-AC89-B9806FBE783C','Aug  8 2011 12:00:00:000AM','Aug  8 2011  9:00:00:000AM','Aug  8 2011  4:30:00:000PM')
INSERT INTO [ContractSchedule] ([ContractScheduleID],[ContractID],[ScheduleDate],[StartTime],[EndTime])VALUES('A111CB05-8908-4467-B6EF-E41293851CFD','F859B433-C863-4798-8C86-08EFCBD90A09','Aug 12 2011 12:00:00:000AM','Aug 12 2011  8:00:00:000AM','Aug 12 2011  4:00:00:000PM')
INSERT INTO [ContractSchedule] ([ContractScheduleID],[ContractID],[ScheduleDate],[StartTime],[EndTime])VALUES('1121E5DB-AB24-4550-82DB-E41743F07EA3','D34E0788-2BEB-46BA-94C3-732B3E7C25E7','Aug 15 2011 12:00:00:000AM','Aug 15 2011  7:30:00:000AM','Aug 15 2011  6:00:00:000PM')
INSERT INTO [ContractSchedule] ([ContractScheduleID],[ContractID],[ScheduleDate],[StartTime],[EndTime])VALUES('DCD42FAA-D237-4AC9-9FF0-EBBA0D7A1869','8FC3FFDF-1C34-48F7-8650-C4093842BE05','Aug  1 2011 12:00:00:000AM','Aug  1 2011  9:00:00:000AM','Aug  1 2011  4:30:00:000PM')
INSERT INTO [ContractSchedule] ([ContractScheduleID],[ContractID],[ScheduleDate],[StartTime],[EndTime])VALUES('684E911C-F823-4E50-B0AA-F0AD71D06D66','F859B433-C863-4798-8C86-08EFCBD90A09','Aug 11 2011 12:00:00:000AM','Aug 11 2011 10:00:00:000AM','Aug 11 2011  7:00:00:000PM')
INSERT INTO [ContractSchedule] ([ContractScheduleID],[ContractID],[ScheduleDate],[StartTime],[EndTime])VALUES('548A0865-916F-4A80-9ED1-F3379B99D6B6','F859B433-C863-4798-8C86-08EFCBD90A09','Aug  3 2011 12:00:00:000AM','Aug  3 2011  9:00:00:000AM','Aug  3 2011  6:30:00:000PM')
INSERT INTO [ContractSchedule] ([ContractScheduleID],[ContractID],[ScheduleDate],[StartTime],[EndTime])VALUES('96151D5C-6AAE-4CDA-8005-F7D643F9679D','F859B433-C863-4798-8C86-08EFCBD90A09','Aug  8 2011 12:00:00:000AM','Aug  8 2011  7:00:00:000AM','Aug  8 2011  7:00:00:000PM')
INSERT INTO [ContractSchedule] ([ContractScheduleID],[ContractID],[ScheduleDate],[StartTime],[EndTime])VALUES('AD8C65DF-5410-4F2C-A7D8-F88DABBD9F8F','43D324E0-13FF-4D55-AC89-B9806FBE783C','Aug  4 2011 12:00:00:000AM','Aug  4 2011 10:00:00:000AM','Aug  4 2011  5:50:00:000PM')
INSERT INTO [ContractSchedule] ([ContractScheduleID],[ContractID],[ScheduleDate],[StartTime],[EndTime])VALUES('F5625F04-38B7-497E-B320-F89903D7FB68','F859B433-C863-4798-8C86-08EFCBD90A09','Aug  7 2011 12:00:00:000AM','Aug  7 2011  9:00:00:000AM','Aug  7 2011  3:00:00:000PM')
INSERT INTO [ContractSchedule] ([ContractScheduleID],[ContractID],[ScheduleDate],[StartTime],[EndTime])VALUES('496F2279-9411-4F23-BA3F-F964A63AF453','8FC3FFDF-1C34-48F7-8650-C4093842BE05','Aug  3 2011 12:00:00:000AM','Aug  3 2011  9:00:00:000AM','Aug  3 2011  5:30:00:000PM')
INSERT INTO [ContractSchedule] ([ContractScheduleID],[ContractID],[ScheduleDate],[StartTime],[EndTime])VALUES('577B4D7B-3FBE-45E8-8F54-FA40B2FAA49C','718C266F-E811-452E-A38C-F4910E09F071','Aug 29 2011 12:00:00:000AM','Aug 29 2011 10:20:00:000AM','Aug 29 2011  6:00:00:000PM')
INSERT INTO [ContractSchedule] ([ContractScheduleID],[ContractID],[ScheduleDate],[StartTime],[EndTime])VALUES('B55DE0A5-DB6C-40F6-A75F-FC7DEF619DC6','F859B433-C863-4798-8C86-08EFCBD90A09','Aug  1 2011 12:00:00:000AM','Aug  1 2011  7:00:00:000AM','Aug  1 2011  7:00:00:000PM')
INSERT INTO [ContractSchedule] ([ContractScheduleID],[ContractID],[ScheduleDate],[StartTime],[EndTime])VALUES('152E21C4-94B6-4D8E-8AE7-FCDD599C1FCD','F859B433-C863-4798-8C86-08EFCBD90A09','Aug  8 2011 12:00:00:000AM','Aug  8 2011  7:00:00:000AM','Aug  8 2011  7:00:00:000PM')
INSERT INTO [ContractSchedule] ([ContractScheduleID],[ContractID],[ScheduleDate],[StartTime],[EndTime])VALUES('B73DB530-A267-4841-9D9D-FCEC96CA25FC','43D324E0-13FF-4D55-AC89-B9806FBE783C','Aug  2 2011 12:00:00:000AM','Aug  2 2011  8:00:00:000AM','Aug  2 2011  2:50:00:000PM')
INSERT INTO [ContractSchedule] ([ContractScheduleID],[ContractID],[ScheduleDate],[StartTime],[EndTime])VALUES('04253812-CAA3-4407-9540-FE867D970B9F','F859B433-C863-4798-8C86-08EFCBD90A09','Aug  5 2011 12:00:00:000AM','Aug  5 2011  8:00:00:000AM','Aug  5 2011  4:00:00:000PM')

INSERT INTO [Operation] ([OperationID],[OperationDate],[Route],[RefNo],[Remarks],[StartBusNo],[StartTime],[EndBusNo],[EndTime],[OperationType],[PAX])VALUES('2F8D4664-DA68-415F-B5F6-E48B8740448A','Aug  7 2011 12:00:00:000AM','pasir ris <> bukit batok','0000000003','asdfasdf asdfasdf','444','Aug  7 2011  9:00:00:000AM','444','Aug  7 2011  3:00:00:000PM',NULL,NULL)
INSERT INTO [Operation] ([OperationID],[OperationDate],[Route],[RefNo],[Remarks],[StartBusNo],[StartTime],[EndBusNo],[EndTime],[OperationType],[PAX])VALUES('0A1C471C-D2C1-4750-8B7C-540213351497','Aug  7 2011 12:00:00:000AM','pasir ris <> bukit batok111','0000000005','asdfasdf asdfasdf','444','Aug  7 2011 10:00:00:000AM','P1231A','Aug  7 2011  5:30:00:000PM',NULL,NULL)
INSERT INTO [Operation] ([OperationID],[OperationDate],[Route],[RefNo],[Remarks],[StartBusNo],[StartTime],[EndBusNo],[EndTime],[OperationType],[PAX])VALUES('E1B49173-37BF-4CD6-A831-39786106264E','Aug  7 2011 12:00:00:000AM','marsiling <> rivervalley','A0000010000000027','','444','Aug  7 2011 12:00:00:000PM','P1231Z','Aug  7 2011  9:30:00:000AM',NULL,NULL)
INSERT INTO [Operation] ([OperationID],[OperationDate],[Route],[RefNo],[Remarks],[StartBusNo],[StartTime],[EndBusNo],[EndTime],[OperationType],[PAX])VALUES('89173F89-7B56-444A-BEA2-A613C1B7CB06','Aug  7 2011 12:00:00:000AM','asf <> asdfa','A0000010000000032','rrrrr rrrrr','1092','Aug  7 2011 10:00:00:000AM',NULL,NULL,NULL,NULL)
INSERT INTO [Operation] ([OperationID],[OperationDate],[Route],[RefNo],[Remarks],[StartBusNo],[StartTime],[EndBusNo],[EndTime],[OperationType],[PAX])VALUES('8EC79022-59E3-4CAD-A56A-3DFD26A2A854','Aug  7 2011 12:00:00:000AM','asf <> asdfa','A0000070000000033','rrrrr rrrrr','','Aug  7 2011 10:00:00:000AM',NULL,NULL,NULL,NULL)

INSERT INTO [Adhoc] ([AdhocID],[AdhocCode],[AgentID],[AdhocBookDate],[TripType],[TripFrom],[TripTo],[TimeDepart],[TimeReturn],[Seater],[Purpose],[PersonInCharge],[DriverClaim],[Contact],[CreatedBy],[CreatedDate],[UpdatedBy],[UpdatedDate],[Delete],[Voided])VALUES('6567296F-B8DB-43FF-90C7-0DE6884CEC3F','0000000046','0AE720F3-EA2D-4CEF-B6D6-CC26B146A552','Aug 13 2011 12:00:00:000AM','One Way','wer','werwe','Aug 13 2011  9:44:00:000AM',NULL,60,'wer','wer','10','wer',NULL,NULL,'FF184286-68EC-460C-820D-11357A254708','Sep  2 2011 12:41:28:840AM','N',1)
INSERT INTO [Adhoc] ([AdhocID],[AdhocCode],[AgentID],[AdhocBookDate],[TripType],[TripFrom],[TripTo],[TimeDepart],[TimeReturn],[Seater],[Purpose],[PersonInCharge],[DriverClaim],[Contact],[CreatedBy],[CreatedDate],[UpdatedBy],[UpdatedDate],[Delete],[Voided])VALUES('72FD657F-08AD-494F-9B23-F8DE9F21D20D','0000000046','0AE720F3-EA2D-4CEF-B6D6-CC26B146A552','Aug 13 2011 12:00:00:000AM','One Way','werw','werwer','Aug 13 2011 10:00:00:000AM',NULL,30,'werw','wer','10','werwe',NULL,NULL,'FF184286-68EC-460C-820D-11357A254708','Sep  2 2011 12:41:28:840AM','N',1)
INSERT INTO [Adhoc] ([AdhocID],[AdhocCode],[AgentID],[AdhocBookDate],[TripType],[TripFrom],[TripTo],[TimeDepart],[TimeReturn],[Seater],[Purpose],[PersonInCharge],[DriverClaim],[Contact],[CreatedBy],[CreatedDate],[UpdatedBy],[UpdatedDate],[Delete],[Voided])VALUES('23D51978-0322-4BDB-A53E-CFFBB85C399B','0000000047','0AE720F3-EA2D-4CEF-B6D6-CC26B146A552','Aug 13 2011 12:00:00:000AM','One Way','asd','asd','Aug 13 2011  9:27:42:887AM',NULL,20,'asd','asd','10','asd',NULL,NULL,NULL,NULL,'N',0)
INSERT INTO [Adhoc] ([AdhocID],[AdhocCode],[AgentID],[AdhocBookDate],[TripType],[TripFrom],[TripTo],[TimeDepart],[TimeReturn],[Seater],[Purpose],[PersonInCharge],[DriverClaim],[Contact],[CreatedBy],[CreatedDate],[UpdatedBy],[UpdatedDate],[Delete],[Voided])VALUES('62E5CDDD-150A-4653-8D12-6281B32A076D','0000000048','0AE720F3-EA2D-4CEF-B6D6-CC26B146A552','Aug 13 2011 12:00:00:000AM','One Way','qwewq','qweqwe','Aug 13 2011 10:44:28:427AM',NULL,0,'qweqw','qweqwe','10','qwe',NULL,NULL,NULL,NULL,'N',0)
INSERT INTO [Adhoc] ([AdhocID],[AdhocCode],[AgentID],[AdhocBookDate],[TripType],[TripFrom],[TripTo],[TimeDepart],[TimeReturn],[Seater],[Purpose],[PersonInCharge],[DriverClaim],[Contact],[CreatedBy],[CreatedDate],[UpdatedBy],[UpdatedDate],[Delete],[Voided])VALUES('B3BAD521-0A24-4702-8A16-93B5E4766FB3','0000000048','0AE720F3-EA2D-4CEF-B6D6-CC26B146A552','Aug 13 2011 12:00:00:000AM','One Way','qweq','qweqwe','Aug 13 2011 10:44:28:427AM',NULL,0,'qwewq','qweqw','10','qwewq',NULL,NULL,NULL,NULL,'N',0)
INSERT INTO [Adhoc] ([AdhocID],[AdhocCode],[AgentID],[AdhocBookDate],[TripType],[TripFrom],[TripTo],[TimeDepart],[TimeReturn],[Seater],[Purpose],[PersonInCharge],[DriverClaim],[Contact],[CreatedBy],[CreatedDate],[UpdatedBy],[UpdatedDate],[Delete],[Voided])VALUES('B6622B60-E552-49C9-8132-51A014554BD1','0000000049','0AE720F3-EA2D-4CEF-B6D6-CC26B146A552','Aug 13 2011 12:00:00:000AM','One Way','qwewq','qweqwe','Aug 13 2011  9:37:46:140AM',NULL,0,'qweqw','qweqwe','10','qwe',NULL,NULL,NULL,NULL,'N',0)
INSERT INTO [Adhoc] ([AdhocID],[AdhocCode],[AgentID],[AdhocBookDate],[TripType],[TripFrom],[TripTo],[TimeDepart],[TimeReturn],[Seater],[Purpose],[PersonInCharge],[DriverClaim],[Contact],[CreatedBy],[CreatedDate],[UpdatedBy],[UpdatedDate],[Delete],[Voided])VALUES('7E378984-5F9A-4A04-AA79-8A158C9B8155','0000000046','0AE720F3-EA2D-4CEF-B6D6-CC26B146A552','Aug 13 2011 12:00:00:000AM','One Way','qweq','qwewqtuytu','Aug 13 2011  8:30:00:000AM',NULL,20,'qwe','qwe','10','qwe',NULL,NULL,'FF184286-68EC-460C-820D-11357A254708','Sep  2 2011 12:41:28:840AM','N',1)
INSERT INTO [Adhoc] ([AdhocID],[AdhocCode],[AgentID],[AdhocBookDate],[TripType],[TripFrom],[TripTo],[TimeDepart],[TimeReturn],[Seater],[Purpose],[PersonInCharge],[DriverClaim],[Contact],[CreatedBy],[CreatedDate],[UpdatedBy],[UpdatedDate],[Delete],[Voided])VALUES('C4FB6654-8DCE-4344-A672-61CADAEA8EF7','0000000050','0AE720F3-EA2D-4CEF-B6D6-CC26B146A552','Aug 13 2011 12:00:00:000AM','One Way','kjhgkjhk','lkkj','Aug 13 2011 11:01:26:300AM',NULL,50,'','','10','',NULL,NULL,'FF184286-68EC-460C-820D-11357A254708','Sep  2 2011  9:08:24:920PM','N',1)
INSERT INTO [Adhoc] ([AdhocID],[AdhocCode],[AgentID],[AdhocBookDate],[TripType],[TripFrom],[TripTo],[TimeDepart],[TimeReturn],[Seater],[Purpose],[PersonInCharge],[DriverClaim],[Contact],[CreatedBy],[CreatedDate],[UpdatedBy],[UpdatedDate],[Delete],[Voided])VALUES('3A036E4E-BC76-4E91-880D-EBCA41820551','0000000050','0AE720F3-EA2D-4CEF-B6D6-CC26B146A552','Aug 13 2011 12:00:00:000AM','One Way','kjhk','hgjghj','Aug 13 2011 11:01:26:300AM',NULL,10,'','','10','',NULL,NULL,'FF184286-68EC-460C-820D-11357A254708','Sep  2 2011  9:08:24:920PM','N',1)
INSERT INTO [Adhoc] ([AdhocID],[AdhocCode],[AgentID],[AdhocBookDate],[TripType],[TripFrom],[TripTo],[TimeDepart],[TimeReturn],[Seater],[Purpose],[PersonInCharge],[DriverClaim],[Contact],[CreatedBy],[CreatedDate],[UpdatedBy],[UpdatedDate],[Delete],[Voided])VALUES('213911AE-5033-463C-8F5F-83F4FB6F9531','0000000050','0AE720F3-EA2D-4CEF-B6D6-CC26B146A552','Aug 13 2011 12:00:00:000AM','One Way','asdfasd','asdfasdf','Aug 13 2011 11:01:26:300AM',NULL,30,'asdfaaaa','333333','10','11231231',NULL,NULL,'FF184286-68EC-460C-820D-11357A254708','Sep  2 2011  9:08:24:920PM','N',1)
INSERT INTO [Adhoc] ([AdhocID],[AdhocCode],[AgentID],[AdhocBookDate],[TripType],[TripFrom],[TripTo],[TimeDepart],[TimeReturn],[Seater],[Purpose],[PersonInCharge],[DriverClaim],[Contact],[CreatedBy],[CreatedDate],[UpdatedBy],[UpdatedDate],[Delete],[Voided])VALUES('BAFD6049-F31D-4D31-850A-9115AF736C3C','0000000051','0AE720F3-EA2D-4CEF-B6D6-CC26B146A552','Aug 13 2011 12:00:00:000AM','One Way','3434','bukit gombak','Aug 13 2011 11:51:00:000AM',NULL,30,'34343','343','10','343',NULL,NULL,NULL,NULL,'N',0)
INSERT INTO [Adhoc] ([AdhocID],[AdhocCode],[AgentID],[AdhocBookDate],[TripType],[TripFrom],[TripTo],[TimeDepart],[TimeReturn],[Seater],[Purpose],[PersonInCharge],[DriverClaim],[Contact],[CreatedBy],[CreatedDate],[UpdatedBy],[UpdatedDate],[Delete],[Voided])VALUES('B83F2A38-FB2F-437C-BA6E-19D2EE6F2D08','0000000051','0AE720F3-EA2D-4CEF-B6D6-CC26B146A552','Aug 13 2011 12:00:00:000AM','One Way','erte','werwer','Aug 13 2011 11:51:00:000AM',NULL,20,'343','chewee','10','Alvira',NULL,NULL,NULL,NULL,'N',0)
INSERT INTO [Adhoc] ([AdhocID],[AdhocCode],[AgentID],[AdhocBookDate],[TripType],[TripFrom],[TripTo],[TimeDepart],[TimeReturn],[Seater],[Purpose],[PersonInCharge],[DriverClaim],[Contact],[CreatedBy],[CreatedDate],[UpdatedBy],[UpdatedDate],[Delete],[Voided])VALUES('CCB1060E-42A6-44CF-825B-3879F6A8F193','0000000049','0AE720F3-EA2D-4CEF-B6D6-CC26B146A552','Aug 13 2011 12:00:00:000AM','One Way','qweq','qweqwe','Aug 13 2011  9:37:46:140AM',NULL,50,'qwewq','qweqw','10','qwewq',NULL,NULL,NULL,NULL,'N',0)
INSERT INTO [Adhoc] ([AdhocID],[AdhocCode],[AgentID],[AdhocBookDate],[TripType],[TripFrom],[TripTo],[TimeDepart],[TimeReturn],[Seater],[Purpose],[PersonInCharge],[DriverClaim],[Contact],[CreatedBy],[CreatedDate],[UpdatedBy],[UpdatedDate],[Delete],[Voided])VALUES('077599ED-AEEB-4DE4-9FAC-CB66064371A2','11','F5D933A2-BBEA-45B3-86ED-54A6C51A2B0F','Sep  3 2011 12:00:00:000AM','Two Ways','12312','2323','Sep  3 2011 12:05:53:130PM','Sep  3 2011 12:05:53:130PM',30,'wrwe','wer','24324','werer',NULL,NULL,NULL,NULL,'N',0)
INSERT INTO [Adhoc] ([AdhocID],[AdhocCode],[AgentID],[AdhocBookDate],[TripType],[TripFrom],[TripTo],[TimeDepart],[TimeReturn],[Seater],[Purpose],[PersonInCharge],[DriverClaim],[Contact],[CreatedBy],[CreatedDate],[UpdatedBy],[UpdatedDate],[Delete],[Voided])VALUES('607C6C1B-A795-487B-A43D-F4D8822BC2E3','1',NULL,'Aug  7 2011  4:51:05:463PM',NULL,NULL,NULL,NULL,NULL,NULL,NULL,NULL,NULL,NULL,NULL,NULL,NULL,NULL,'N',0)
INSERT INTO [Adhoc] ([AdhocID],[AdhocCode],[AgentID],[AdhocBookDate],[TripType],[TripFrom],[TripTo],[TimeDepart],[TimeReturn],[Seater],[Purpose],[PersonInCharge],[DriverClaim],[Contact],[CreatedBy],[CreatedDate],[UpdatedBy],[UpdatedDate],[Delete],[Voided])VALUES('129A6385-196C-42FD-A8D6-A9AAA0FC5B47','2',NULL,'Aug  7 2011  4:51:05:463PM',NULL,NULL,NULL,NULL,NULL,NULL,NULL,NULL,NULL,NULL,NULL,NULL,NULL,NULL,'N',0)
INSERT INTO [Adhoc] ([AdhocID],[AdhocCode],[AgentID],[AdhocBookDate],[TripType],[TripFrom],[TripTo],[TimeDepart],[TimeReturn],[Seater],[Purpose],[PersonInCharge],[DriverClaim],[Contact],[CreatedBy],[CreatedDate],[UpdatedBy],[UpdatedDate],[Delete],[Voided])VALUES('4A6B1B54-9D50-4363-A259-025DB9F0E8B9','34',NULL,'Aug  7 2011  4:51:27:133PM',NULL,NULL,NULL,NULL,NULL,NULL,NULL,NULL,NULL,NULL,NULL,NULL,NULL,NULL,'N',0)
INSERT INTO [Adhoc] ([AdhocID],[AdhocCode],[AgentID],[AdhocBookDate],[TripType],[TripFrom],[TripTo],[TimeDepart],[TimeReturn],[Seater],[Purpose],[PersonInCharge],[DriverClaim],[Contact],[CreatedBy],[CreatedDate],[UpdatedBy],[UpdatedDate],[Delete],[Voided])VALUES('3C028459-077D-443E-A4CA-5ABA753D18BA','323',NULL,'Aug  7 2011  4:51:27:133PM',NULL,NULL,NULL,NULL,NULL,NULL,NULL,NULL,NULL,NULL,NULL,NULL,NULL,NULL,'N',0)
INSERT INTO [Adhoc] ([AdhocID],[AdhocCode],[AgentID],[AdhocBookDate],[TripType],[TripFrom],[TripTo],[TimeDepart],[TimeReturn],[Seater],[Purpose],[PersonInCharge],[DriverClaim],[Contact],[CreatedBy],[CreatedDate],[UpdatedBy],[UpdatedDate],[Delete],[Voided])VALUES('ABA47534-CF42-4DB6-8300-37CE026A3CF5','234',NULL,'Aug  7 2011  4:54:24:060PM',NULL,NULL,NULL,NULL,NULL,NULL,NULL,NULL,NULL,NULL,NULL,NULL,NULL,NULL,'N',0)
INSERT INTO [Adhoc] ([AdhocID],[AdhocCode],[AgentID],[AdhocBookDate],[TripType],[TripFrom],[TripTo],[TimeDepart],[TimeReturn],[Seater],[Purpose],[PersonInCharge],[DriverClaim],[Contact],[CreatedBy],[CreatedDate],[UpdatedBy],[UpdatedDate],[Delete],[Voided])VALUES('78156DCD-E41A-491F-9817-1C721C862395','234234',NULL,'Aug  7 2011  4:54:24:060PM',NULL,NULL,NULL,NULL,NULL,NULL,NULL,NULL,NULL,NULL,NULL,NULL,NULL,NULL,'N',0)
INSERT INTO [Adhoc] ([AdhocID],[AdhocCode],[AgentID],[AdhocBookDate],[TripType],[TripFrom],[TripTo],[TimeDepart],[TimeReturn],[Seater],[Purpose],[PersonInCharge],[DriverClaim],[Contact],[CreatedBy],[CreatedDate],[UpdatedBy],[UpdatedDate],[Delete],[Voided])VALUES('533D1793-5ACA-4156-95A5-33CE00783A5F','234',NULL,'Aug  7 2011  6:49:55:400PM',NULL,NULL,NULL,NULL,NULL,NULL,NULL,NULL,NULL,NULL,NULL,NULL,NULL,NULL,'N',0)
INSERT INTO [Adhoc] ([AdhocID],[AdhocCode],[AgentID],[AdhocBookDate],[TripType],[TripFrom],[TripTo],[TimeDepart],[TimeReturn],[Seater],[Purpose],[PersonInCharge],[DriverClaim],[Contact],[CreatedBy],[CreatedDate],[UpdatedBy],[UpdatedDate],[Delete],[Voided])VALUES('0375FA49-A347-422B-A5FE-9347878C3A92','234',NULL,'Aug  7 2011  6:49:55:400PM',NULL,NULL,NULL,NULL,NULL,NULL,NULL,NULL,NULL,NULL,NULL,NULL,NULL,NULL,'N',0)
INSERT INTO [Adhoc] ([AdhocID],[AdhocCode],[AgentID],[AdhocBookDate],[TripType],[TripFrom],[TripTo],[TimeDepart],[TimeReturn],[Seater],[Purpose],[PersonInCharge],[DriverClaim],[Contact],[CreatedBy],[CreatedDate],[UpdatedBy],[UpdatedDate],[Delete],[Voided])VALUES('5A99CE37-7184-4249-A3D5-95FCD48D84B7','234',NULL,'Aug  7 2011  6:53:19:370PM',NULL,NULL,NULL,NULL,NULL,NULL,NULL,NULL,NULL,NULL,NULL,NULL,NULL,NULL,'N',0)
INSERT INTO [Adhoc] ([AdhocID],[AdhocCode],[AgentID],[AdhocBookDate],[TripType],[TripFrom],[TripTo],[TimeDepart],[TimeReturn],[Seater],[Purpose],[PersonInCharge],[DriverClaim],[Contact],[CreatedBy],[CreatedDate],[UpdatedBy],[UpdatedDate],[Delete],[Voided])VALUES('54038CB1-5750-42B0-8675-77B9CAF2A8AB','234',NULL,'Aug  7 2011  6:53:19:370PM',NULL,NULL,NULL,NULL,NULL,NULL,NULL,NULL,NULL,NULL,NULL,NULL,NULL,NULL,'N',0)
INSERT INTO [Adhoc] ([AdhocID],[AdhocCode],[AgentID],[AdhocBookDate],[TripType],[TripFrom],[TripTo],[TimeDepart],[TimeReturn],[Seater],[Purpose],[PersonInCharge],[DriverClaim],[Contact],[CreatedBy],[CreatedDate],[UpdatedBy],[UpdatedDate],[Delete],[Voided])VALUES('03C7B5EB-1B67-4D4A-9E13-948FE124D3A6','234','8F22F9C7-818B-4E1A-BCFE-F9C94C887BFB','Aug  7 2011 12:00:00:000AM','One Way','32q424','234234','Aug  7 2011  9:10:48:697PM',NULL,NULL,NULL,NULL,NULL,NULL,NULL,NULL,NULL,NULL,'N',0)
INSERT INTO [Adhoc] ([AdhocID],[AdhocCode],[AgentID],[AdhocBookDate],[TripType],[TripFrom],[TripTo],[TimeDepart],[TimeReturn],[Seater],[Purpose],[PersonInCharge],[DriverClaim],[Contact],[CreatedBy],[CreatedDate],[UpdatedBy],[UpdatedDate],[Delete],[Voided])VALUES('EA09CB6E-A636-467B-98B6-5A2C4C116156','234','8F22F9C7-818B-4E1A-BCFE-F9C94C887BFB','Aug  7 2011 12:00:00:000AM','One Way','234','234234','Aug  7 2011  9:10:48:697PM',NULL,NULL,NULL,NULL,NULL,NULL,NULL,NULL,NULL,NULL,'N',0)
INSERT INTO [Adhoc] ([AdhocID],[AdhocCode],[AgentID],[AdhocBookDate],[TripType],[TripFrom],[TripTo],[TimeDepart],[TimeReturn],[Seater],[Purpose],[PersonInCharge],[DriverClaim],[Contact],[CreatedBy],[CreatedDate],[UpdatedBy],[UpdatedDate],[Delete],[Voided])VALUES('A30553E6-3F2C-487F-B6DF-3723AC15D592','234','C5D99EE9-474A-4941-90F2-486F4D8EDF2B','Aug  7 2011 12:00:00:000AM','One Way','232','232','Aug  7 2011  9:45:38:743PM',NULL,0,'232','232',NULL,'2323',NULL,NULL,NULL,NULL,'N',0)
INSERT INTO [Adhoc] ([AdhocID],[AdhocCode],[AgentID],[AdhocBookDate],[TripType],[TripFrom],[TripTo],[TimeDepart],[TimeReturn],[Seater],[Purpose],[PersonInCharge],[DriverClaim],[Contact],[CreatedBy],[CreatedDate],[UpdatedBy],[UpdatedDate],[Delete],[Voided])VALUES('116893AE-49EA-45F9-81FB-3B69EF4C8B7A','234','C5D99EE9-474A-4941-90F2-486F4D8EDF2B','Aug  7 2011 12:00:00:000AM','One Way','232','232','Aug  7 2011  9:45:38:743PM',NULL,0,'232','232',NULL,'232',NULL,NULL,NULL,NULL,'N',0)
INSERT INTO [Adhoc] ([AdhocID],[AdhocCode],[AgentID],[AdhocBookDate],[TripType],[TripFrom],[TripTo],[TimeDepart],[TimeReturn],[Seater],[Purpose],[PersonInCharge],[DriverClaim],[Contact],[CreatedBy],[CreatedDate],[UpdatedBy],[UpdatedDate],[Delete],[Voided])VALUES('6D8EF9AB-86D3-43CF-94CB-E66C1AD40825','234','8F22F9C7-818B-4E1A-BCFE-F9C94C887BFB','Aug  7 2011 12:00:00:000AM','One Way','2342','23424','Aug  7 2011  9:49:30:393PM',NULL,20,'234234','23423',NULL,'23423',NULL,NULL,NULL,NULL,'N',0)
INSERT INTO [Adhoc] ([AdhocID],[AdhocCode],[AgentID],[AdhocBookDate],[TripType],[TripFrom],[TripTo],[TimeDepart],[TimeReturn],[Seater],[Purpose],[PersonInCharge],[DriverClaim],[Contact],[CreatedBy],[CreatedDate],[UpdatedBy],[UpdatedDate],[Delete],[Voided])VALUES('F7627624-873D-48F1-B908-13A488487C6F','234','C5D99EE9-474A-4941-90F2-486F4D8EDF2B','Aug  7 2011 12:00:00:000AM','One Way','2131','12312','Aug  7 2011  9:52:22:140PM',NULL,40,'21312','12321','10','123213',NULL,NULL,NULL,NULL,'N',0)
INSERT INTO [Adhoc] ([AdhocID],[AdhocCode],[AgentID],[AdhocBookDate],[TripType],[TripFrom],[TripTo],[TimeDepart],[TimeReturn],[Seater],[Purpose],[PersonInCharge],[DriverClaim],[Contact],[CreatedBy],[CreatedDate],[UpdatedBy],[UpdatedDate],[Delete],[Voided])VALUES('60357620-6ACC-45D6-B860-FB00C2FCBE22','234','C5D99EE9-474A-4941-90F2-486F4D8EDF2B','Aug  7 2011 12:00:00:000AM','One Way','2131','1223112','Aug  7 2011  9:52:22:140PM',NULL,30,'12313','123213','20','123',NULL,NULL,NULL,NULL,'N',0)
INSERT INTO [Adhoc] ([AdhocID],[AdhocCode],[AgentID],[AdhocBookDate],[TripType],[TripFrom],[TripTo],[TimeDepart],[TimeReturn],[Seater],[Purpose],[PersonInCharge],[DriverClaim],[Contact],[CreatedBy],[CreatedDate],[UpdatedBy],[UpdatedDate],[Delete],[Voided])VALUES('1F4F1FF5-EB59-454B-9BC9-BCD5D614E116','ert','8F22F9C7-818B-4E1A-BCFE-F9C94C887BFB','Aug 11 2011 12:00:00:000AM','One Way','wer','werwe','Aug 11 2011 12:49:00:000AM',NULL,30,'werw','wer','102','wer',NULL,NULL,NULL,NULL,'N',0)
INSERT INTO [Adhoc] ([AdhocID],[AdhocCode],[AgentID],[AdhocBookDate],[TripType],[TripFrom],[TripTo],[TimeDepart],[TimeReturn],[Seater],[Purpose],[PersonInCharge],[DriverClaim],[Contact],[CreatedBy],[CreatedDate],[UpdatedBy],[UpdatedDate],[Delete],[Voided])VALUES('55EB94CC-D540-404D-AC95-97FB3F67BC02','ert','8F22F9C7-818B-4E1A-BCFE-F9C94C887BFB','Aug 11 2011 12:00:00:000AM','One Way','werw','werwer','Aug 11 2011 12:51:00:000AM',NULL,232,'werwe','werwe','102','wer',NULL,NULL,NULL,NULL,'N',0)
INSERT INTO [Adhoc] ([AdhocID],[AdhocCode],[AgentID],[AdhocBookDate],[TripType],[TripFrom],[TripTo],[TimeDepart],[TimeReturn],[Seater],[Purpose],[PersonInCharge],[DriverClaim],[Contact],[CreatedBy],[CreatedDate],[UpdatedBy],[UpdatedDate],[Delete],[Voided])VALUES('22BCA3EE-BEEB-489E-B4E4-78471546D504','ert','8F22F9C7-818B-4E1A-BCFE-F9C94C887BFB','Aug 11 2011 12:00:00:000AM','One Way','QWE','QWEWQE','Aug 11 2011 12:54:00:000AM',NULL,30,'QWEWQ','QWE','102','QWEQW',NULL,NULL,NULL,NULL,'N',0)
INSERT INTO [Adhoc] ([AdhocID],[AdhocCode],[AgentID],[AdhocBookDate],[TripType],[TripFrom],[TripTo],[TimeDepart],[TimeReturn],[Seater],[Purpose],[PersonInCharge],[DriverClaim],[Contact],[CreatedBy],[CreatedDate],[UpdatedBy],[UpdatedDate],[Delete],[Voided])VALUES('B7DFA1B2-8B5B-4648-B8C1-2C7C95882308','0003','DFEEE618-BA25-488F-8DB6-DBAB310F1C65','Aug 11 2011 12:00:00:000AM','One Way','qwewqe','wqe','Aug 11 2011  1:31:25:363AM',NULL,40,'qwe','qwe','10','qwe',NULL,NULL,NULL,NULL,'N',0)
INSERT INTO [Adhoc] ([AdhocID],[AdhocCode],[AgentID],[AdhocBookDate],[TripType],[TripFrom],[TripTo],[TimeDepart],[TimeReturn],[Seater],[Purpose],[PersonInCharge],[DriverClaim],[Contact],[CreatedBy],[CreatedDate],[UpdatedBy],[UpdatedDate],[Delete],[Voided])VALUES('4A16F166-167C-4BF1-B28E-06D611176564','20110004','9D68D772-F491-4787-AF13-0B3BC2B8F93E','Aug 19 2011 12:00:00:000AM','One Way','232','232','Aug 19 2011  1:54:26:300AM',NULL,30,'323','23','232','23',NULL,NULL,NULL,NULL,'N',0)
INSERT INTO [Adhoc] ([AdhocID],[AdhocCode],[AgentID],[AdhocBookDate],[TripType],[TripFrom],[TripTo],[TimeDepart],[TimeReturn],[Seater],[Purpose],[PersonInCharge],[DriverClaim],[Contact],[CreatedBy],[CreatedDate],[UpdatedBy],[UpdatedDate],[Delete],[Voided])VALUES('603E7D14-8EA1-4952-A72A-37609CBE5BFC','20110005','8F22F9C7-818B-4E1A-BCFE-F9C94C887BFB','Aug 19 2011 12:00:00:000AM','One Way','33','33','Aug 19 2011  9:24:32:517PM',NULL,30,'wew','322','3232','wew',NULL,NULL,NULL,NULL,'N',0)
INSERT INTO [Adhoc] ([AdhocID],[AdhocCode],[AgentID],[AdhocBookDate],[TripType],[TripFrom],[TripTo],[TimeDepart],[TimeReturn],[Seater],[Purpose],[PersonInCharge],[DriverClaim],[Contact],[CreatedBy],[CreatedDate],[UpdatedBy],[UpdatedDate],[Delete],[Voided])VALUES('18180246-03CF-43FC-8CCA-660D75110999','20110006','8F22F9C7-818B-4E1A-BCFE-F9C94C887BFB','Aug 19 2011 12:00:00:000AM','One Way','33','33','Aug 19 2011  9:25:58:277PM',NULL,30,'wew','322','3232','wew',NULL,NULL,NULL,NULL,'N',0)
INSERT INTO [Adhoc] ([AdhocID],[AdhocCode],[AgentID],[AdhocBookDate],[TripType],[TripFrom],[TripTo],[TimeDepart],[TimeReturn],[Seater],[Purpose],[PersonInCharge],[DriverClaim],[Contact],[CreatedBy],[CreatedDate],[UpdatedBy],[UpdatedDate],[Delete],[Voided])VALUES('FD8DB701-CB46-473B-A435-3B4C7DCEE70E','20110007','8F22F9C7-818B-4E1A-BCFE-F9C94C887BFB','Aug 19 2011 12:00:00:000AM','One Way','2w32','334','Aug 19 2011 10:17:03:783PM',NULL,30,'23424','22','232','232',NULL,NULL,NULL,NULL,'N',0)
INSERT INTO [Adhoc] ([AdhocID],[AdhocCode],[AgentID],[AdhocBookDate],[TripType],[TripFrom],[TripTo],[TimeDepart],[TimeReturn],[Seater],[Purpose],[PersonInCharge],[DriverClaim],[Contact],[CreatedBy],[CreatedDate],[UpdatedBy],[UpdatedDate],[Delete],[Voided])VALUES('A63FFCC6-B225-4122-B497-C4540FF0BB0B','20110007','8F22F9C7-818B-4E1A-BCFE-F9C94C887BFB','Aug 19 2011 12:00:00:000AM','One Way','232','232','Aug 19 2011 10:17:03:793PM',NULL,30,'232','232','232','2w32',NULL,NULL,NULL,NULL,'N',0)
INSERT INTO [Adhoc] ([AdhocID],[AdhocCode],[AgentID],[AdhocBookDate],[TripType],[TripFrom],[TripTo],[TimeDepart],[TimeReturn],[Seater],[Purpose],[PersonInCharge],[DriverClaim],[Contact],[CreatedBy],[CreatedDate],[UpdatedBy],[UpdatedDate],[Delete],[Voided])VALUES('D63E6578-804B-4D34-9D8D-DC152CF8FCAF','2011000005','8F22F9C7-818B-4E1A-BCFE-F9C94C887BFB','Aug 19 2011 12:00:00:000AM','One Way','2323','232','Aug 19 2011 10:18:39:773PM',NULL,30,'232','232','232','232',NULL,NULL,NULL,NULL,'N',0)
INSERT INTO [Adhoc] ([AdhocID],[AdhocCode],[AgentID],[AdhocBookDate],[TripType],[TripFrom],[TripTo],[TimeDepart],[TimeReturn],[Seater],[Purpose],[PersonInCharge],[DriverClaim],[Contact],[CreatedBy],[CreatedDate],[UpdatedBy],[UpdatedDate],[Delete],[Voided])VALUES('10F44BAF-6F79-4E70-92D5-C8F18080F01F','yy000006','8F22F9C7-818B-4E1A-BCFE-F9C94C887BFB','Aug 19 2011 12:00:00:000AM','One Way','232','232','Aug 19 2011 10:21:23:977PM',NULL,30,'232','121','232','232',NULL,NULL,NULL,NULL,'N',0)
INSERT INTO [Adhoc] ([AdhocID],[AdhocCode],[AgentID],[AdhocBookDate],[TripType],[TripFrom],[TripTo],[TimeDepart],[TimeReturn],[Seater],[Purpose],[PersonInCharge],[DriverClaim],[Contact],[CreatedBy],[CreatedDate],[UpdatedBy],[UpdatedDate],[Delete],[Voided])VALUES('89A0F85C-EFF6-4EF1-941C-2779792466A6','23423',NULL,'Aug  7 2011  6:42:23:193PM',NULL,NULL,NULL,NULL,NULL,NULL,NULL,NULL,NULL,NULL,NULL,NULL,NULL,NULL,'N',0)
INSERT INTO [Adhoc] ([AdhocID],[AdhocCode],[AgentID],[AdhocBookDate],[TripType],[TripFrom],[TripTo],[TimeDepart],[TimeReturn],[Seater],[Purpose],[PersonInCharge],[DriverClaim],[Contact],[CreatedBy],[CreatedDate],[UpdatedBy],[UpdatedDate],[Delete],[Voided])VALUES('1375C298-C27C-4024-B8F6-A46E51C8BEE1','234',NULL,'Aug  7 2011  6:42:23:193PM',NULL,NULL,NULL,NULL,NULL,NULL,NULL,NULL,NULL,NULL,NULL,NULL,NULL,NULL,'N',0)
INSERT INTO [Adhoc] ([AdhocID],[AdhocCode],[AgentID],[AdhocBookDate],[TripType],[TripFrom],[TripTo],[TimeDepart],[TimeReturn],[Seater],[Purpose],[PersonInCharge],[DriverClaim],[Contact],[CreatedBy],[CreatedDate],[UpdatedBy],[UpdatedDate],[Delete],[Voided])VALUES('A858D5DC-E8D9-4F03-9B1A-BFE3DBDEFDBD','234',NULL,'Aug  7 2011  6:45:02:337PM',NULL,NULL,NULL,NULL,NULL,NULL,NULL,NULL,NULL,NULL,NULL,NULL,NULL,NULL,'N',0)
INSERT INTO [Adhoc] ([AdhocID],[AdhocCode],[AgentID],[AdhocBookDate],[TripType],[TripFrom],[TripTo],[TimeDepart],[TimeReturn],[Seater],[Purpose],[PersonInCharge],[DriverClaim],[Contact],[CreatedBy],[CreatedDate],[UpdatedBy],[UpdatedDate],[Delete],[Voided])VALUES('4EBBB06D-DB0F-49B8-906C-97D0A9A8F54C','234',NULL,'Aug  7 2011  6:45:02:337PM',NULL,NULL,NULL,NULL,NULL,NULL,NULL,NULL,NULL,NULL,NULL,NULL,NULL,NULL,'N',0)
INSERT INTO [Adhoc] ([AdhocID],[AdhocCode],[AgentID],[AdhocBookDate],[TripType],[TripFrom],[TripTo],[TimeDepart],[TimeReturn],[Seater],[Purpose],[PersonInCharge],[DriverClaim],[Contact],[CreatedBy],[CreatedDate],[UpdatedBy],[UpdatedDate],[Delete],[Voided])VALUES('F02DC94D-7512-4E0E-995C-8C852672CB2C','234',NULL,'Aug  7 2011  7:06:43:853PM',NULL,NULL,NULL,NULL,NULL,NULL,NULL,NULL,NULL,NULL,NULL,NULL,NULL,NULL,'N',0)
INSERT INTO [Adhoc] ([AdhocID],[AdhocCode],[AgentID],[AdhocBookDate],[TripType],[TripFrom],[TripTo],[TimeDepart],[TimeReturn],[Seater],[Purpose],[PersonInCharge],[DriverClaim],[Contact],[CreatedBy],[CreatedDate],[UpdatedBy],[UpdatedDate],[Delete],[Voided])VALUES('FAB5D090-73AA-4084-8B67-DA2A638C06F7','234',NULL,'Aug  7 2011  7:06:43:853PM',NULL,NULL,NULL,NULL,NULL,NULL,NULL,NULL,NULL,NULL,NULL,NULL,NULL,NULL,'N',0)
INSERT INTO [Adhoc] ([AdhocID],[AdhocCode],[AgentID],[AdhocBookDate],[TripType],[TripFrom],[TripTo],[TimeDepart],[TimeReturn],[Seater],[Purpose],[PersonInCharge],[DriverClaim],[Contact],[CreatedBy],[CreatedDate],[UpdatedBy],[UpdatedDate],[Delete],[Voided])VALUES('FACA5159-4573-4EA0-BBD1-9FBF24F8E41E','234',NULL,'Aug  7 2011 12:00:00:000AM',NULL,NULL,NULL,NULL,NULL,NULL,NULL,NULL,NULL,NULL,NULL,NULL,NULL,NULL,'N',0)
INSERT INTO [Adhoc] ([AdhocID],[AdhocCode],[AgentID],[AdhocBookDate],[TripType],[TripFrom],[TripTo],[TimeDepart],[TimeReturn],[Seater],[Purpose],[PersonInCharge],[DriverClaim],[Contact],[CreatedBy],[CreatedDate],[UpdatedBy],[UpdatedDate],[Delete],[Voided])VALUES('BD2FB217-CCDB-4DD0-BFFC-EDB605669E3C','234',NULL,'Aug  7 2011 12:00:00:000AM',NULL,NULL,NULL,NULL,NULL,NULL,NULL,NULL,NULL,NULL,NULL,NULL,NULL,NULL,'N',0)
INSERT INTO [Adhoc] ([AdhocID],[AdhocCode],[AgentID],[AdhocBookDate],[TripType],[TripFrom],[TripTo],[TimeDepart],[TimeReturn],[Seater],[Purpose],[PersonInCharge],[DriverClaim],[Contact],[CreatedBy],[CreatedDate],[UpdatedBy],[UpdatedDate],[Delete],[Voided])VALUES('98E7285D-B4EA-47F9-85AA-9396B863AA87','234','8F22F9C7-818B-4E1A-BCFE-F9C94C887BFB','Aug  7 2011 12:00:00:000AM','One Way','232','2323','Aug  7 2011  9:37:34:313PM',NULL,10,'23232','232',NULL,'232',NULL,NULL,NULL,NULL,'N',0)
INSERT INTO [Adhoc] ([AdhocID],[AdhocCode],[AgentID],[AdhocBookDate],[TripType],[TripFrom],[TripTo],[TimeDepart],[TimeReturn],[Seater],[Purpose],[PersonInCharge],[DriverClaim],[Contact],[CreatedBy],[CreatedDate],[UpdatedBy],[UpdatedDate],[Delete],[Voided])VALUES('3EF7F0E7-4574-4BBB-9204-283332232F29','234','8F22F9C7-818B-4E1A-BCFE-F9C94C887BFB','Aug  7 2011 12:00:00:000AM','One Way','232','23232','Aug  7 2011  9:37:34:313PM',NULL,30,'23232','232',NULL,'232',NULL,NULL,NULL,NULL,'N',0)
INSERT INTO [Adhoc] ([AdhocID],[AdhocCode],[AgentID],[AdhocBookDate],[TripType],[TripFrom],[TripTo],[TimeDepart],[TimeReturn],[Seater],[Purpose],[PersonInCharge],[DriverClaim],[Contact],[CreatedBy],[CreatedDate],[UpdatedBy],[UpdatedDate],[Delete],[Voided])VALUES('9561B81F-5C24-48EA-B5B9-D2B2D83F1153','20110006','8F22F9C7-818B-4E1A-BCFE-F9C94C887BFB','Aug 19 2011 12:00:00:000AM','One Way','weqw','wew','Aug 19 2011  9:25:58:277PM',NULL,30,'wew','121','232','232',NULL,NULL,NULL,NULL,'N',0)
INSERT INTO [Adhoc] ([AdhocID],[AdhocCode],[AgentID],[AdhocBookDate],[TripType],[TripFrom],[TripTo],[TimeDepart],[TimeReturn],[Seater],[Purpose],[PersonInCharge],[DriverClaim],[Contact],[CreatedBy],[CreatedDate],[UpdatedBy],[UpdatedDate],[Delete],[Voided])VALUES('466B3685-7AA3-4991-AC38-EE0B3BD1F99A','234',NULL,'Aug  7 2011  6:55:38:670PM',NULL,NULL,NULL,NULL,NULL,NULL,NULL,NULL,NULL,NULL,NULL,NULL,NULL,NULL,'N',0)
INSERT INTO [Adhoc] ([AdhocID],[AdhocCode],[AgentID],[AdhocBookDate],[TripType],[TripFrom],[TripTo],[TimeDepart],[TimeReturn],[Seater],[Purpose],[PersonInCharge],[DriverClaim],[Contact],[CreatedBy],[CreatedDate],[UpdatedBy],[UpdatedDate],[Delete],[Voided])VALUES('A96E4CD5-ED07-4295-A12C-55D40CEBF536','234323',NULL,'Aug  7 2011  6:55:38:670PM',NULL,NULL,NULL,NULL,NULL,NULL,NULL,NULL,NULL,NULL,NULL,NULL,NULL,NULL,'N',0)
INSERT INTO [Adhoc] ([AdhocID],[AdhocCode],[AgentID],[AdhocBookDate],[TripType],[TripFrom],[TripTo],[TimeDepart],[TimeReturn],[Seater],[Purpose],[PersonInCharge],[DriverClaim],[Contact],[CreatedBy],[CreatedDate],[UpdatedBy],[UpdatedDate],[Delete],[Voided])VALUES('16A64758-292A-4DCD-A4A5-1AE006CF693B','23432',NULL,'Aug  7 2011  6:59:41:577PM',NULL,NULL,NULL,NULL,NULL,NULL,NULL,NULL,NULL,NULL,NULL,NULL,NULL,NULL,'N',0)
INSERT INTO [Adhoc] ([AdhocID],[AdhocCode],[AgentID],[AdhocBookDate],[TripType],[TripFrom],[TripTo],[TimeDepart],[TimeReturn],[Seater],[Purpose],[PersonInCharge],[DriverClaim],[Contact],[CreatedBy],[CreatedDate],[UpdatedBy],[UpdatedDate],[Delete],[Voided])VALUES('03082B29-8CED-4B1E-9660-E6298AFD54B0','23423',NULL,'Aug  7 2011  6:59:41:577PM',NULL,NULL,NULL,NULL,NULL,NULL,NULL,NULL,NULL,NULL,NULL,NULL,NULL,NULL,'N',0)
INSERT INTO [Adhoc] ([AdhocID],[AdhocCode],[AgentID],[AdhocBookDate],[TripType],[TripFrom],[TripTo],[TimeDepart],[TimeReturn],[Seater],[Purpose],[PersonInCharge],[DriverClaim],[Contact],[CreatedBy],[CreatedDate],[UpdatedBy],[UpdatedDate],[Delete],[Voided])VALUES('4FE5B253-9460-4B01-A807-B487721BE75B','234',NULL,'Aug  7 2011  7:06:21:007PM',NULL,NULL,NULL,NULL,NULL,NULL,NULL,NULL,NULL,NULL,NULL,NULL,NULL,NULL,'N',0)
INSERT INTO [Adhoc] ([AdhocID],[AdhocCode],[AgentID],[AdhocBookDate],[TripType],[TripFrom],[TripTo],[TimeDepart],[TimeReturn],[Seater],[Purpose],[PersonInCharge],[DriverClaim],[Contact],[CreatedBy],[CreatedDate],[UpdatedBy],[UpdatedDate],[Delete],[Voided])VALUES('52A7A274-E80C-4877-9AC3-9D77AA1DCF29','234',NULL,'Aug  7 2011  7:06:21:007PM',NULL,NULL,NULL,NULL,NULL,NULL,NULL,NULL,NULL,NULL,NULL,NULL,NULL,NULL,'N',0)
INSERT INTO [Adhoc] ([AdhocID],[AdhocCode],[AgentID],[AdhocBookDate],[TripType],[TripFrom],[TripTo],[TimeDepart],[TimeReturn],[Seater],[Purpose],[PersonInCharge],[DriverClaim],[Contact],[CreatedBy],[CreatedDate],[UpdatedBy],[UpdatedDate],[Delete],[Voided])VALUES('B1B8F1D1-49E8-42FE-873E-82891A5C6BA5','23423',NULL,'Aug  7 2011  7:10:24:190PM',NULL,NULL,NULL,NULL,NULL,NULL,NULL,NULL,NULL,NULL,NULL,NULL,NULL,NULL,'N',0)
INSERT INTO [Adhoc] ([AdhocID],[AdhocCode],[AgentID],[AdhocBookDate],[TripType],[TripFrom],[TripTo],[TimeDepart],[TimeReturn],[Seater],[Purpose],[PersonInCharge],[DriverClaim],[Contact],[CreatedBy],[CreatedDate],[UpdatedBy],[UpdatedDate],[Delete],[Voided])VALUES('5EE4C576-C40B-4D14-970C-341DD92B2495','23423',NULL,'Aug  7 2011  7:10:24:190PM',NULL,NULL,NULL,NULL,NULL,NULL,NULL,NULL,NULL,NULL,NULL,NULL,NULL,NULL,'N',0)
INSERT INTO [Adhoc] ([AdhocID],[AdhocCode],[AgentID],[AdhocBookDate],[TripType],[TripFrom],[TripTo],[TimeDepart],[TimeReturn],[Seater],[Purpose],[PersonInCharge],[DriverClaim],[Contact],[CreatedBy],[CreatedDate],[UpdatedBy],[UpdatedDate],[Delete],[Voided])VALUES('79368E86-2A16-46BE-8607-F210E6E49159','23432','DFEEE618-BA25-488F-8DB6-DBAB310F1C65','Aug  7 2011 12:00:00:000AM',NULL,NULL,NULL,NULL,NULL,NULL,NULL,NULL,NULL,NULL,NULL,NULL,NULL,NULL,'N',0)
INSERT INTO [Adhoc] ([AdhocID],[AdhocCode],[AgentID],[AdhocBookDate],[TripType],[TripFrom],[TripTo],[TimeDepart],[TimeReturn],[Seater],[Purpose],[PersonInCharge],[DriverClaim],[Contact],[CreatedBy],[CreatedDate],[UpdatedBy],[UpdatedDate],[Delete],[Voided])VALUES('B96E2990-DB34-41CA-A0AC-22593118E057','2342','DFEEE618-BA25-488F-8DB6-DBAB310F1C65','Aug  7 2011 12:00:00:000AM',NULL,NULL,NULL,NULL,NULL,NULL,NULL,NULL,NULL,NULL,NULL,NULL,NULL,NULL,'N',0)
INSERT INTO [Adhoc] ([AdhocID],[AdhocCode],[AgentID],[AdhocBookDate],[TripType],[TripFrom],[TripTo],[TimeDepart],[TimeReturn],[Seater],[Purpose],[PersonInCharge],[DriverClaim],[Contact],[CreatedBy],[CreatedDate],[UpdatedBy],[UpdatedDate],[Delete],[Voided])VALUES('8DF381B1-F579-4E46-A64C-48F24C7CCA8A','2342','9D68D772-F491-4787-AF13-0B3BC2B8F93E','Aug  7 2011 12:00:00:000AM','One Way','qweqe','qweqwe',NULL,NULL,NULL,NULL,NULL,NULL,NULL,NULL,NULL,NULL,NULL,'N',0)
INSERT INTO [Adhoc] ([AdhocID],[AdhocCode],[AgentID],[AdhocBookDate],[TripType],[TripFrom],[TripTo],[TimeDepart],[TimeReturn],[Seater],[Purpose],[PersonInCharge],[DriverClaim],[Contact],[CreatedBy],[CreatedDate],[UpdatedBy],[UpdatedDate],[Delete],[Voided])VALUES('B59CFA00-AAF2-48FC-BC09-848381BDCD66','2342','9D68D772-F491-4787-AF13-0B3BC2B8F93E','Aug  7 2011 12:00:00:000AM','One Way','qweq','qweqwe',NULL,NULL,NULL,NULL,NULL,NULL,NULL,NULL,NULL,NULL,NULL,'N',0)
INSERT INTO [Adhoc] ([AdhocID],[AdhocCode],[AgentID],[AdhocBookDate],[TripType],[TripFrom],[TripTo],[TimeDepart],[TimeReturn],[Seater],[Purpose],[PersonInCharge],[DriverClaim],[Contact],[CreatedBy],[CreatedDate],[UpdatedBy],[UpdatedDate],[Delete],[Voided])VALUES('DC438A03-B880-4BC0-ABE7-28FE82F2214C','2342','8F22F9C7-818B-4E1A-BCFE-F9C94C887BFB','Aug  7 2011 12:00:00:000AM','One Way','12313','123213','Aug  7 2011  9:51:27:793PM',NULL,0,'12321','12312','30','12312',NULL,NULL,NULL,NULL,'N',0)
INSERT INTO [Adhoc] ([AdhocID],[AdhocCode],[AgentID],[AdhocBookDate],[TripType],[TripFrom],[TripTo],[TimeDepart],[TimeReturn],[Seater],[Purpose],[PersonInCharge],[DriverClaim],[Contact],[CreatedBy],[CreatedDate],[UpdatedBy],[UpdatedDate],[Delete],[Voided])VALUES('915DC328-7CC2-4D0A-940E-245327B7FD43','11000007','8F22F9C7-818B-4E1A-BCFE-F9C94C887BFB','Aug 19 2011 12:00:00:000AM','One Way','efasdf','adsff','Aug 19 2011 10:29:12:950PM',NULL,30,'','','','',NULL,NULL,NULL,NULL,'N',0)
INSERT INTO [Adhoc] ([AdhocID],[AdhocCode],[AgentID],[AdhocBookDate],[TripType],[TripFrom],[TripTo],[TimeDepart],[TimeReturn],[Seater],[Purpose],[PersonInCharge],[DriverClaim],[Contact],[CreatedBy],[CreatedDate],[UpdatedBy],[UpdatedDate],[Delete],[Voided])VALUES('8EB0A0C9-FCC3-4A53-9BA7-8807E61129D4','11000007','8F22F9C7-818B-4E1A-BCFE-F9C94C887BFB','Aug 19 2011 12:00:00:000AM','One Way','adsfadsf','asdfsdf','Aug 19 2011 10:29:12:950PM',NULL,30,'','','','',NULL,NULL,NULL,NULL,'N',0)
INSERT INTO [Adhoc] ([AdhocID],[AdhocCode],[AgentID],[AdhocBookDate],[TripType],[TripFrom],[TripTo],[TimeDepart],[TimeReturn],[Seater],[Purpose],[PersonInCharge],[DriverClaim],[Contact],[CreatedBy],[CreatedDate],[UpdatedBy],[UpdatedDate],[Delete],[Voided])VALUES('5BCAE9B6-C4D2-4279-909E-5171A6F53095','11000008','8F22F9C7-818B-4E1A-BCFE-F9C94C887BFB','Aug 19 2011 12:00:00:000AM','One Way','121','11','Aug 19 2011 10:48:00:000PM',NULL,30,'121','121','1232','132',NULL,NULL,NULL,NULL,'N',0)

INSERT INTO [Subcon] ([SubconID],[SubconCode],[Company],[Initial],[Person],[Telephone],[Mobile],[Fax],[Address],[Remarks],[CreatedBy],[CreatedDate],[UpdatedBy],[UpdatedDate],[Passes1],[Passes2],[Expiry1],[Expiry2],[Delete])VALUES('7AB9DEFF-61A6-41D7-9111-335EEFB02EFD','S000004','cccccc','44444444','cccccc','44444','33333','44444444','444444444','4444444','FF184286-68EC-460C-820D-11357A254708','Aug  4 2011 10:40:44:187PM',NULL,NULL,'444444444','444444444','Aug  5 2011 12:00:00:000AM','Aug  4 2011 12:00:00:000AM','N')
INSERT INTO [Subcon] ([SubconID],[SubconCode],[Company],[Initial],[Person],[Telephone],[Mobile],[Fax],[Address],[Remarks],[CreatedBy],[CreatedDate],[UpdatedBy],[UpdatedDate],[Passes1],[Passes2],[Expiry1],[Expiry2],[Delete])VALUES('6976735B-82D1-4FC8-B35F-3D6C79DE7530','S000001','A&S Transportation','A','123123','23121','12312','31321','2 Saint Thomas Walk','123123','2D52FCF9-F779-4C8B-BBB9-30E5850CF312','Jul 23 2011  2:16:34:153AM',NULL,NULL,'123123','1231231','Jan  1 2012 12:00:00:000AM','Jan  1 2012 12:00:00:000AM','N')
INSERT INTO [Subcon] ([SubconID],[SubconCode],[Company],[Initial],[Person],[Telephone],[Mobile],[Fax],[Address],[Remarks],[CreatedBy],[CreatedDate],[UpdatedBy],[UpdatedDate],[Passes1],[Passes2],[Expiry1],[Expiry2],[Delete])VALUES('3B3F570F-43C4-4F07-B374-A5A4000AD531','S000003','bbbb','b','bbbb','22222','22222','22222','bbbbbbbbbbbbb','222222','2D52FCF9-F779-4C8B-BBB9-30E5850CF312','Jul 23 2011  8:37:07:357AM','2D52FCF9-F779-4C8B-BBB9-30E5850CF312','Jul 23 2011  8:54:53:053AM','bbbbb222222','bbbbb','Jan  1 2012 12:00:00:000AM','Jan  1 2012 12:00:00:000AM','Y')
INSERT INTO [Subcon] ([SubconID],[SubconCode],[Company],[Initial],[Person],[Telephone],[Mobile],[Fax],[Address],[Remarks],[CreatedBy],[CreatedDate],[UpdatedBy],[UpdatedDate],[Passes1],[Passes2],[Expiry1],[Expiry2],[Delete])VALUES('1E8C3FB2-A174-4BCD-A6F8-C08909D585A4','S000002','aaaaa','11','123123','1111','232','1111','2 Saint Thomas Walk','123123','2D52FCF9-F779-4C8B-BBB9-30E5850CF312','Jul 23 2011  2:20:22:483AM',NULL,NULL,'11111','1111','Jan  1 2012 12:00:00:000AM','Jan  1 2012 12:00:00:000AM','N')
INSERT INTO [Subcon] ([SubconID],[SubconCode],[Company],[Initial],[Person],[Telephone],[Mobile],[Fax],[Address],[Remarks],[CreatedBy],[CreatedDate],[UpdatedBy],[UpdatedDate],[Passes1],[Passes2],[Expiry1],[Expiry2],[Delete])VALUES('F5800102-7417-44B7-A840-F1BE48BD64FC','S000005','eeeeeeee','e','eeeeeeeee','5555555555','555555555','55555555','555555555','5555555555','FF184286-68EC-460C-820D-11357A254708','Aug  4 2011 10:43:52:530PM',NULL,NULL,'55555555','55555555','Aug  4 2011 12:00:00:000AM','Aug 31 2011 12:00:00:000AM','N')

INSERT INTO [OperationDetail] ([OperationDetailID],[OperationID],[SegmentType],[BusNo],[DriverName],[ContactNo],[TripTime],[Route],[Customer],[Person],[Contact])VALUES('31BB8B17-7A76-4889-9BBA-CB84D0FBF332','2F8D4664-DA68-415F-B5F6-E48B8740448A','S','444',NULL,NULL,'Aug  7 2011  9:00:00:000AM','pasir ris <> bukit batok',NULL,NULL,NULL)
INSERT INTO [OperationDetail] ([OperationDetailID],[OperationID],[SegmentType],[BusNo],[DriverName],[ContactNo],[TripTime],[Route],[Customer],[Person],[Contact])VALUES('F13FFCA0-E26E-407A-85FD-5F048898B01B','E1B49173-37BF-4CD6-A831-39786106264E','S','444',NULL,NULL,'Aug  7 2011 12:00:00:000PM','marsiling <> rivervalley',NULL,NULL,NULL)
INSERT INTO [OperationDetail] ([OperationDetailID],[OperationID],[SegmentType],[BusNo],[DriverName],[ContactNo],[TripTime],[Route],[Customer],[Person],[Contact])VALUES('667BFB61-D286-4206-B5CC-AC42797F44DC','E1B49173-37BF-4CD6-A831-39786106264E','E','P1231Z','Harland Gomez',NULL,'Aug  7 2011  9:30:00:000AM','marsiling <> rivervalley',NULL,NULL,NULL)
INSERT INTO [OperationDetail] ([OperationDetailID],[OperationID],[SegmentType],[BusNo],[DriverName],[ContactNo],[TripTime],[Route],[Customer],[Person],[Contact])VALUES('91BBE884-340D-422A-A3BF-5670FDA62A98','89173F89-7B56-444A-BEA2-A613C1B7CB06','S','1092','wqw',NULL,'Aug  7 2011 10:00:00:000AM','asf <> asdfa',NULL,NULL,NULL)
INSERT INTO [OperationDetail] ([OperationDetailID],[OperationID],[SegmentType],[BusNo],[DriverName],[ContactNo],[TripTime],[Route],[Customer],[Person],[Contact])VALUES('BBD155BE-7470-4841-BF28-E6F66AF58027','2F8D4664-DA68-415F-B5F6-E48B8740448A','E','444',NULL,NULL,'Aug  7 2011  3:00:00:000PM','pasir ris <> bukit batok',NULL,NULL,NULL)
INSERT INTO [OperationDetail] ([OperationDetailID],[OperationID],[SegmentType],[BusNo],[DriverName],[ContactNo],[TripTime],[Route],[Customer],[Person],[Contact])VALUES('1BEBEDDB-D93E-484E-B962-6567940AE095','0A1C471C-D2C1-4750-8B7C-540213351497','S','444',NULL,NULL,'Aug  7 2011 10:00:00:000AM','pasir ris <> bukit batok111',NULL,NULL,NULL)
INSERT INTO [OperationDetail] ([OperationDetailID],[OperationID],[SegmentType],[BusNo],[DriverName],[ContactNo],[TripTime],[Route],[Customer],[Person],[Contact])VALUES('1FC614DB-4C29-4114-9B89-5DE5458BE38A','0A1C471C-D2C1-4750-8B7C-540213351497','E','P1231A','Michael Tan',NULL,'Aug  7 2011  5:30:00:000PM','pasir ris <> bukit batok111',NULL,NULL,NULL)

INSERT INTO [Driver] ([DriverID],[DriverName],[Address1],[Address2],[Address3],[Contact],[DateJoin],[CountryID],[BusNo],[CreatedBy],[CreatedDate],[UpdatedDate],[FIN],[DOB],[DriverCode],[Delete],[Passes1],[Passes2],[Passes3],[Expiry1],[Expiry2],[Expiry3],[UpdatedBy],[Resigned],[ResignedDate])VALUES('D367F51B-9444-4C8A-8953-169857CCBF94','Harland Gomez','Airview Towers','','','65464654','Aug  1 2011 12:00:00:000AM','6F78772F-7B1D-4A70-8BB3-12ED9C4B502F','P1231Z','FF184286-68EC-460C-820D-11357A254708','Aug 29 2011 11:17:48:547PM',NULL,'S8064604F','08/01/2011','D000004','N','sentosa','','','Aug 31 2011 12:00:00:000AM','Jan  1 1753 12:00:00:000AM','Jan  1 1753 12:00:00:000AM',NULL,NULL,'Jan  1 1753 12:00:00:000AM')
INSERT INTO [Driver] ([DriverID],[DriverName],[Address1],[Address2],[Address3],[Contact],[DateJoin],[CountryID],[BusNo],[CreatedBy],[CreatedDate],[UpdatedDate],[FIN],[DOB],[DriverCode],[Delete],[Passes1],[Passes2],[Passes3],[Expiry1],[Expiry2],[Expiry3],[UpdatedBy],[Resigned],[ResignedDate])VALUES('7FD96984-B090-4466-9DA0-29BB6B00E60C','bbbbbbbb','22222','22','2222','2222','Aug 31 2011 12:00:00:000AM','6F78772F-7B1D-4A70-8BB3-12ED9C4B502F','asdfasdf','FF184286-68EC-460C-820D-11357A254708','Aug  4 2011 11:41:54:997PM','Sep  1 2011  1:09:54:900AM','2222222222','07/20/1980','D000003','N','123123','1231231','asdf','Jan  1 2012 12:00:00:000AM','Jan  1 2012 12:00:00:000AM','Jul 31 2011 12:00:00:000AM','FF184286-68EC-460C-820D-11357A254708',0,'Jan  1 1753 12:00:00:000AM')
INSERT INTO [Driver] ([DriverID],[DriverName],[Address1],[Address2],[Address3],[Contact],[DateJoin],[CountryID],[BusNo],[CreatedBy],[CreatedDate],[UpdatedDate],[FIN],[DOB],[DriverCode],[Delete],[Passes1],[Passes2],[Passes3],[Expiry1],[Expiry2],[Expiry3],[UpdatedBy],[Resigned],[ResignedDate])VALUES('2F5F1FC4-1B9A-4B5F-B54F-30EAC31D3FF8','wqw','qwqasdasd','qwasdasdasd','qwq asdasd','qwqasdsadasdasdasd','Jul 20 2011 12:00:00:000AM','42B09924-E784-49EB-8A65-080F6FEC9ED9','1092','445F5FA7-0394-4271-93DD-10EE366CCE03','Jul 22 2011 12:23:04:940AM','Jul 22 2011 12:23:04:940AM','qwadasd','','D0036','Y','qwq','qwqq','qwq','Jul 20 2011 12:00:00:000AM','Jul 20 2011 12:00:00:000AM','Jul 20 2011 12:00:00:000AM','445F5FA7-0394-4271-93DD-10EE366CCE03',0,'Jan 25 2001 12:00:00:000AM')
INSERT INTO [Driver] ([DriverID],[DriverName],[Address1],[Address2],[Address3],[Contact],[DateJoin],[CountryID],[BusNo],[CreatedBy],[CreatedDate],[UpdatedDate],[FIN],[DOB],[DriverCode],[Delete],[Passes1],[Passes2],[Passes3],[Expiry1],[Expiry2],[Expiry3],[UpdatedBy],[Resigned],[ResignedDate])VALUES('6D11DB47-E523-4275-96C0-E9BBAE962EF8','aa','asa','asa','asa','asa','Jul  7 2011 12:00:00:000AM','42B09924-E784-49EB-8A65-080F6FEC9ED9','qwq','445F5FA7-0394-4271-93DD-10EE366CCE03','Jul 21 2011 10:34:41:830PM','Jul 22 2011 12:19:37:213AM','asa','','01','N','qwq','qwqq','qwq','Jul 20 2011 12:00:00:000AM','Jul 20 2011 12:00:00:000AM','Jul 20 2011 12:00:00:000AM','445F5FA7-0394-4271-93DD-10EE366CCE03',1,'Jan 24 2001 12:00:00:000AM')
INSERT INTO [Driver] ([DriverID],[DriverName],[Address1],[Address2],[Address3],[Contact],[DateJoin],[CountryID],[BusNo],[CreatedBy],[CreatedDate],[UpdatedDate],[FIN],[DOB],[DriverCode],[Delete],[Passes1],[Passes2],[Passes3],[Expiry1],[Expiry2],[Expiry3],[UpdatedBy],[Resigned],[ResignedDate])VALUES('08D5ED6E-9AF0-4DFA-9131-EE001060EFA0','Michael Tan','2 Saint Thomas Walk','Airview Towers','asdfasdf','aaaaaa','Jul 23 2011 12:00:00:000AM','6F78772F-7B1D-4A70-8BB3-12ED9C4B502F','P1231A','FF184286-68EC-460C-820D-11357A254708','Aug  4 2011 11:33:39:880PM','Sep  1 2011  1:10:10:253AM','111111111','07/20/1980','D000001','N','123123','1231231','asdf','Jan  1 2012 12:00:00:000AM','Jan  1 2012 12:00:00:000AM','Jul 31 2011 12:00:00:000AM','FF184286-68EC-460C-820D-11357A254708',0,'Jan  1 1753 12:00:00:000AM')

INSERT INTO [Users] ([UserID],[LoginID],[FirstName],[LastName],[MiddleName],[NRIC],[Address1],[Contact],[DOB],[CountryID],[AccessLevelID],[Password],[CreatedBy],[CreatedDate],[UpdatedBy],[UpdatedDate],[Resigned],[Delete],[Address2],[Address3])VALUES('FF184286-68EC-460C-820D-11357A254708','2',NULL,NULL,NULL,NULL,NULL,NULL,NULL,'2C44A14F-AD48-44E0-A134-0285A57B44FC','4AF5454A-D22B-4339-A20C-91EAB8DE7FBE','3','BF706A80-E339-4384-BD74-E610EC723E7E',NULL,'BF706A80-E339-4384-BD74-E610EC723E7E',NULL,NULL,'N',NULL,NULL)
INSERT INTO [Users] ([UserID],[LoginID],[FirstName],[LastName],[MiddleName],[NRIC],[Address1],[Contact],[DOB],[CountryID],[AccessLevelID],[Password],[CreatedBy],[CreatedDate],[UpdatedBy],[UpdatedDate],[Resigned],[Delete],[Address2],[Address3])VALUES('9B7D62FB-029D-46C1-910E-883A64D0EED4','harland',NULL,NULL,NULL,'1321321','2 Saint Thomas Walk','65464654','07/02/1980','6F78772F-7B1D-4A70-8BB3-12ED9C4B502F','4AF5454A-D22B-4339-A20C-91EAB8DE7FBE','harland','4AF5454A-D22B-4339-A20C-91EAB8DE7FBE','Jul 30 2011 11:37:38:300AM','4AF5454A-D22B-4339-A20C-91EAB8DE7FBE','Jul 30 2011 11:37:38:300AM',NULL,'N','Airview Towers','0304')

INSERT INTO [Agent] ([AgentID],[AgentCode],[Agent],[Prefix],[Address],[Email],[Telephone],[Fax],[PostalCode],[ContactPerson1],[Destination1],[HP1],[Stop],[StopDate],[ContactTelephone1],[ContactPerson2],[Destination2],[HP2],[ContactTelephone2],[UserName],[Password],[Delete],[CreatedBy],[CreatedDate],[UpdatedBy],[UpdatedDate])VALUES('0AE720F3-EA2D-4CEF-B6D6-CC26B146A552','A000001','Agent1','A','2 Saint Thomas Walk','maricelpnunez@gmail.com','5275582','11111112','238097','contact 1','don''t know','65278452',0,'Aug  5 2011  8:13:45:000PM','5275582','contact 2','don''t know too','1111111111','5275582','Agent001','Agent001','N','FF184286-68EC-460C-820D-11357A254708','Aug  5 2011  8:13:50:300PM','FF184286-68EC-460C-820D-11357A254708','Aug  5 2011 10:24:09:313PM')
INSERT INTO [Agent] ([AgentID],[AgentCode],[Agent],[Prefix],[Address],[Email],[Telephone],[Fax],[PostalCode],[ContactPerson1],[Destination1],[HP1],[Stop],[StopDate],[ContactTelephone1],[ContactPerson2],[Destination2],[HP2],[ContactTelephone2],[UserName],[Password],[Delete],[CreatedBy],[CreatedDate],[UpdatedBy],[UpdatedDate])VALUES('F5D933A2-BBEA-45B3-86ED-54A6C51A2B0F','A000007','agent2','2','2 St Thomas Walk','harlandgomez@gmail.com','98307367','6565273898','238097','harley','phuket','1111111111',0,'Jan  1 1753 12:00:00:000AM','98307367','marey','krabi','6546541654','98307367','harley','harley','N','FF184286-68EC-460C-820D-11357A254708','Aug  9 2011 10:59:20:540AM',NULL,NULL)

INSERT INTO [GSTType] ([GSTTypeID],[GSTTypeCode],[Description],[SortOrder],[CreateBy],[CreateDate])VALUES('87C73ABE-2C88-4894-8BA4-18C532D85EC3','EXC','EXC GST',2,'5A85033C-BE1F-40D5-B408-2D67969D75A8','Jul 11 2011 12:04:01:413AM')
INSERT INTO [GSTType] ([GSTTypeID],[GSTTypeCode],[Description],[SortOrder],[CreateBy],[CreateDate])VALUES('F7E25A6A-3440-459E-8EEC-31056FAB6E79','NO','NO GST',0,'5A85033C-BE1F-40D5-B408-2D67969D75A8','Jul 11 2011 12:04:01:413AM')
INSERT INTO [GSTType] ([GSTTypeID],[GSTTypeCode],[Description],[SortOrder],[CreateBy],[CreateDate])VALUES('2A898EA6-93F6-47D7-B385-A3F421CA39CA','INC','INC GST',1,'5A85033C-BE1F-40D5-B408-2D67969D75A8','Jul 11 2011 12:04:01:413AM')

INSERT INTO [Bus] ([BusID],[BusNo1],[BusNo2],[BusNo3],[Seater],[Company],[Brand],[Parking],[Type],[BusNo],[CreatedBy],[CreatedDate],[UpdatedBy],[UpdatedDate],[BusCode],[Passes1],[Passes2],[Passes3],[Expiry1],[Expiry2],[Expiry3],[Delete],[Scrapped],[ScrappedDate],[Year],[SubconInitial])VALUES('B3B09B05-C993-4ED1-AF01-1172E25E2665','4','4','4',22,'sa','asa','','Big','444','445F5FA7-0394-4271-93DD-10EE366CCE03','Jul 21 2011  4:34:43:020PM','FF184286-68EC-460C-820D-11357A254708','Oct 16 2011 11:27:21:443PM','B0023','aa','asa','asa','Jul 11 2011 12:00:00:000AM','Jul 18 2011 12:00:00:000AM','Jul 11 2011 12:00:00:000AM','N',0,'Jan  1 1753 12:00:00:000AM','4','44444444')
INSERT INTO [Bus] ([BusID],[BusNo1],[BusNo2],[BusNo3],[Seater],[Company],[Brand],[Parking],[Type],[BusNo],[CreatedBy],[CreatedDate],[UpdatedBy],[UpdatedDate],[BusCode],[Passes1],[Passes2],[Passes3],[Expiry1],[Expiry2],[Expiry3],[Delete],[Scrapped],[ScrappedDate],[Year],[SubconInitial])VALUES('18DC1C5C-6EFB-4062-9874-1833444A87FF','P','1231','Z',29,'A&S Transportation','asdf','asdfasdf','Small','P1231Z','FF184286-68EC-460C-820D-11357A254708','Aug  5 2011 12:11:34:157AM','FF184286-68EC-460C-820D-11357A254708','Oct 16 2011 11:29:17:680PM','B000004','123123','1231231','asdf','Jan  1 2012 12:00:00:000AM','Jul 31 2011 12:00:00:000AM','Jul 31 2011 12:00:00:000AM','N',0,'Jan  1 1753 12:00:00:000AM','P','b')
INSERT INTO [Bus] ([BusID],[BusNo1],[BusNo2],[BusNo3],[Seater],[Company],[Brand],[Parking],[Type],[BusNo],[CreatedBy],[CreatedDate],[UpdatedBy],[UpdatedDate],[BusCode],[Passes1],[Passes2],[Passes3],[Expiry1],[Expiry2],[Expiry3],[Delete],[Scrapped],[ScrappedDate],[Year],[SubconInitial])VALUES('AB182011-14F0-4FC3-9AD9-68F401C2671B','3','3','3',0,'3','','','Big','333','445F5FA7-0394-4271-93DD-10EE366CCE03','Jul 21 2011  6:19:22:280PM','445F5FA7-0394-4271-93DD-10EE366CCE03','Jul 21 2011  6:19:22:280PM','B0022','','','','Jul 21 2011 12:00:00:000AM','Jul 28 2011 12:00:00:000AM','Jul 28 2011 12:00:00:000AM','Y',0,'Jan  1 1753 12:00:00:000AM','3',NULL)
INSERT INTO [Bus] ([BusID],[BusNo1],[BusNo2],[BusNo3],[Seater],[Company],[Brand],[Parking],[Type],[BusNo],[CreatedBy],[CreatedDate],[UpdatedBy],[UpdatedDate],[BusCode],[Passes1],[Passes2],[Passes3],[Expiry1],[Expiry2],[Expiry3],[Delete],[Scrapped],[ScrappedDate],[Year],[SubconInitial])VALUES('49EC9A99-4E8D-4051-A15B-7B225F9594AE','P','1231','A',49,'234','asdf','asdfasdf','Small','P1231A','FF184286-68EC-460C-820D-11357A254708','Aug  5 2011 12:20:08:653AM','FF184286-68EC-460C-820D-11357A254708','Aug  5 2011 12:20:08:657AM','B000005','123123','1231231','asdf','Jan  1 2012 12:00:00:000AM','Jan  1 2012 12:00:00:000AM','Jul 31 2011 12:00:00:000AM','N',0,NULL,'P',NULL)
INSERT INTO [Bus] ([BusID],[BusNo1],[BusNo2],[BusNo3],[Seater],[Company],[Brand],[Parking],[Type],[BusNo],[CreatedBy],[CreatedDate],[UpdatedBy],[UpdatedDate],[BusCode],[Passes1],[Passes2],[Passes3],[Expiry1],[Expiry2],[Expiry3],[Delete],[Scrapped],[ScrappedDate],[Year],[SubconInitial])VALUES('CC8F557F-32E4-4CA2-9D93-7F055C37DF10','2','2','2',0,'2','','','Big','222','445F5FA7-0394-4271-93DD-10EE366CCE03','Jul 21 2011  4:32:45:573PM','445F5FA7-0394-4271-93DD-10EE366CCE03','Jul 21 2011  4:32:45:573PM','B0021','','','','Jan  1 1753 12:00:00:000AM','Jan  1 1753 12:00:00:000AM','Jan  1 1753 12:00:00:000AM','N',0,NULL,'222',NULL)
INSERT INTO [Bus] ([BusID],[BusNo1],[BusNo2],[BusNo3],[Seater],[Company],[Brand],[Parking],[Type],[BusNo],[CreatedBy],[CreatedDate],[UpdatedBy],[UpdatedDate],[BusCode],[Passes1],[Passes2],[Passes3],[Expiry1],[Expiry2],[Expiry3],[Delete],[Scrapped],[ScrappedDate],[Year],[SubconInitial])VALUES('CF735FB8-205F-4746-B947-91A2329FA15D','213','4','234',234,'234','234','234','Medium','234','445F5FA7-0394-4271-93DD-10EE366CCE03','Jul 23 2011 10:47:16:100AM','445F5FA7-0394-4271-93DD-10EE366CCE03','Jul 23 2011 10:47:16:100AM','B0024','234','234','234','Jul 11 2011 12:00:00:000AM','Jul 18 2011 12:00:00:000AM','Jul 11 2011 12:00:00:000AM','N',0,NULL,'213',NULL)
INSERT INTO [Bus] ([BusID],[BusNo1],[BusNo2],[BusNo3],[Seater],[Company],[Brand],[Parking],[Type],[BusNo],[CreatedBy],[CreatedDate],[UpdatedBy],[UpdatedDate],[BusCode],[Passes1],[Passes2],[Passes3],[Expiry1],[Expiry2],[Expiry3],[Delete],[Scrapped],[ScrappedDate],[Year],[SubconInitial])VALUES('ACE88B75-1829-4F30-96A9-B0ADF5B5BE8D','2qw2','qw','qwq',20,'2qw2','qwq','q123','Medium','1092','445F5FA7-0394-4271-93DD-10EE366CCE03','Jul 21 2011  4:07:46:007PM','445F5FA7-0394-4271-93DD-10EE366CCE03','Jul 21 2011  4:07:46:007PM','B0006','q123','awa','asa','Jul 21 2011 12:00:00:000AM','Jul 28 2011 12:00:00:000AM','Jul 28 2011 12:00:00:000AM','N',0,NULL,'2qw2qwqwq',NULL)
INSERT INTO [Bus] ([BusID],[BusNo1],[BusNo2],[BusNo3],[Seater],[Company],[Brand],[Parking],[Type],[BusNo],[CreatedBy],[CreatedDate],[UpdatedBy],[UpdatedDate],[BusCode],[Passes1],[Passes2],[Passes3],[Expiry1],[Expiry2],[Expiry3],[Delete],[Scrapped],[ScrappedDate],[Year],[SubconInitial])VALUES('4E7763FE-61A4-49B3-85DB-DE06CD6D7AEF','1','1','1',0,'1','','','Big','111','445F5FA7-0394-4271-93DD-10EE366CCE03','Jul 21 2011  4:31:32:097PM','445F5FA7-0394-4271-93DD-10EE366CCE03','Jul 21 2011  4:31:32:097PM','B0020','','','','Jan  1 1753 12:00:00:000AM','Jan  1 1753 12:00:00:000AM','Jan  1 1753 12:00:00:000AM','N',0,NULL,'111',NULL)
INSERT INTO [Bus] ([BusID],[BusNo1],[BusNo2],[BusNo3],[Seater],[Company],[Brand],[Parking],[Type],[BusNo],[CreatedBy],[CreatedDate],[UpdatedBy],[UpdatedDate],[BusCode],[Passes1],[Passes2],[Passes3],[Expiry1],[Expiry2],[Expiry3],[Delete],[Scrapped],[ScrappedDate],[Year],[SubconInitial])VALUES('B23C01B7-16CE-42C4-BB27-FC4BC85D3531','NS','10001','SG',10,'NS','Nissan','101','Medium','109','445F5FA7-0394-4271-93DD-10EE366CCE03','Jul 21 2011  6:10:30:843PM','445F5FA7-0394-4271-93DD-10EE366CCE03','Jul 21 2011  6:10:30:843PM','B0007','Sentosa','Sentosas','Sentosass1','Jul 21 2011 12:00:00:000AM','Jul 21 2011 12:00:00:000AM','Jul 28 2011 12:00:00:000AM','Y',0,'Jan  1 1753 12:00:00:000AM','NS',NULL)

